Scenario,Replication,seed,order_size_mean,limit_price_decay_rate,mm_base_spread,sim_duration,avg_spread,median_exec_time,mean_exec_time,p99_exec_time,resting_exec_count,market_exec_count,total_executions,trade_count,trades_per_hour,execs_per_hour,mm_final_pnl,mm_final_pnl_per_hour,mm_final_pnl_per_1k_trades,mm_final_inventory,avg_mm_inventory,rest_exec_skew,rest_exec_kurtosis,price_volatility,depth_within_5_ticks,mm_depth_within_5_ticks,mm_depth_fraction,mm_realized_spread,runtime_sec,bid_level_1,bid_level_2,bid_level_3,bid_level_4,bid_level_5,ask_level_1,ask_level_2,ask_level_3,ask_level_4,ask_level_5,Replications,sim_duration_Mean,sim_duration_CI_95,avg_spread_Mean,avg_spread_CI_95,median_exec_time_Mean,median_exec_time_CI_95,mean_exec_time_Mean,mean_exec_time_CI_95,p99_exec_time_Mean,p99_exec_time_CI_95,resting_exec_count_Mean,resting_exec_count_CI_95,market_exec_count_Mean,market_exec_count_CI_95,total_executions_Mean,total_executions_CI_95,trade_count_Mean,trade_count_CI_95,trades_per_hour_Mean,trades_per_hour_CI_95,execs_per_hour_Mean,execs_per_hour_CI_95,mm_final_pnl_Mean,mm_final_pnl_CI_95,mm_final_pnl_per_hour_Mean,mm_final_pnl_per_hour_CI_95,mm_final_pnl_per_1k_trades_Mean,mm_final_pnl_per_1k_trades_CI_95,mm_final_inventory_Mean,mm_final_inventory_CI_95,avg_mm_inventory_Mean,avg_mm_inventory_CI_95,rest_exec_skew_Mean,rest_exec_skew_CI_95,rest_exec_kurtosis_Mean,rest_exec_kurtosis_CI_95,price_volatility_Mean,price_volatility_CI_95,depth_within_5_ticks_Mean,depth_within_5_ticks_CI_95,mm_depth_within_5_ticks_Mean,mm_depth_within_5_ticks_CI_95,mm_depth_fraction_Mean,mm_depth_fraction_CI_95,mm_realized_spread_Mean,mm_realized_spread_CI_95,runtime_sec_Mean,runtime_sec_CI_95,bid_level_1_Mean,bid_level_1_CI_95,bid_level_2_Mean,bid_level_2_CI_95,bid_level_3_Mean,bid_level_3_CI_95,bid_level_4_Mean,bid_level_4_CI_95,bid_level_5_Mean,bid_level_5_CI_95,ask_level_1_Mean,ask_level_1_CI_95,ask_level_2_Mean,ask_level_2_CI_95,ask_level_3_Mean,ask_level_3_CI_95,ask_level_4_Mean,ask_level_4_CI_95,ask_level_5_Mean,ask_level_5_CI_95
S26,4.0,1000004.0,5.0,0.05,0.1,23400.0,3.730097037520775,21.025777360503525,655.573326579308,10565.74448358296,47178.0,20.0,47198.0,46814.0,7202.153846153847,7261.2307692307695,590.4424999999874,90.83730769230576,12.612519759046169,-16.0,-8.72874839812046,0.0,0.0,4.152005206458557e-05,0.0,0.0,0.0,0.11195277149321878,0.7235937118530273,0.0,0.0,0.0,0.0,0.0,0.0,0.0,0.0,0.0,0.0,,,,,,,,,,,,,,,,,,,,,,,,,,,,,,,,,,,,,,,,,,,,,,,,,,,,,,,,,,,,,,,,,,,,,
S27,4.0,1000004.0,5.0,0.05,0.25,23400.0,3.798188806103064,21.369844059132447,665.3607476447539,10673.162874418187,47126.0,20.0,47146.0,46788.0,7198.153846153847,7253.2307692307695,1152.1437500000034,177.25288461538514,24.62477024023261,-21.0,-10.870568133276377,0.0,0.0,4.076012096207922e-05,0.0,0.0,0.0,-0.037093977529500236,0.840165376663208,0.0,0.0,0.0,0.0,0.0,0.0,0.0,0.0,0.0,0.0,,,,,,,,,,,,,,,,,,,,,,,,,,,,,,,,,,,,,,,,,,,,,,,,,,,,,,,,,,,,,,,,,,,,,
S28,4.0,1000004.0,5.0,0.05,0.5,23400.0,3.896078202920921,21.863963185927787,716.654608884645,11123.72231367747,47034.0,20.0,47054.0,46742.0,7191.076923076924,7239.076923076924,2029.6868750000117,312.25951923077105,43.42319273886466,-21.0,-14.313114053823153,0.0,0.0,3.982963229456163e-05,0.0,0.0,0.0,-0.27259347275031703,0.8027439117431641,0.0,0.0,0.0,0.0,0.0,0.0,0.0,0.0,0.0,0.0,,,,,,,,,,,,,,,,,,,,,,,,,,,,,,,,,,,,,,,,,,,,,,,,,,,,,,,,,,,,,,,,,,,,,
S29,4.0,1000004.0,5.0,0.05,1.0,23400.0,4.155094351104251,22.023166979628968,660.0181817364114,10254.875400712797,46786.0,20.0,46806.0,46618.0,7172.0,7200.923076923077,3925.963749999994,603.9944230769222,84.21561950319607,-16.0,-9.284920973942759,0.0,0.0,3.6893219751912814e-05,0.0,0.0,0.0,-0.7765038474799401,0.6916232109069824,0.0,0.0,0.0,0.0,0.0,0.0,0.0,0.0,0.0,0.0,,,,,,,,,,,,,,,,,,,,,,,,,,,,,,,,,,,,,,,,,,,,,,,,,,,,,,,,,,,,,,,,,,,,,
S30,4.0,1000004.0,5.0,0.05,2.0,23400.0,4.675405422554025,22.662194081028815,780.6550400290068,14535.648581371232,46628.0,20.0,46648.0,46539.0,7159.846153846154,7176.615384615385,7132.163281250005,1097.2558894230776,153.25132214379346,-4.0,4.6228107646305,0.0,0.0,3.645581355197292e-05,0.0,0.0,0.0,-1.6595684786723872,0.8682057857513428,0.0,0.0,0.0,0.0,0.0,0.0,0.0,0.0,0.0,0.0,,,,,,,,,,,,,,,,,,,,,,,,,,,,,,,,,,,,,,,,,,,,,,,,,,,,,,,,,,,,,,,,,,,,,
S31,4.0,1000004.0,5.0,0.1,0.1,23400.0,1.9383860721918753,20.976441568788232,662.7192379502,10573.970020745062,47384.0,20.0,47404.0,46917.0,7218.0,7292.923076923077,498.8362499999839,76.744038461536,10.63231344715101,-5.0,-7.355830841520717,0.0,0.0,1.4062708323797274e-05,0.0,0.0,0.0,-0.00498999749936866,0.7454209327697754,0.0,0.0,0.0,0.0,0.0,0.0,0.0,0.0,0.0,0.0,,,,,,,,,,,,,,,,,,,,,,,,,,,,,,,,,,,,,,,,,,,,,,,,,,,,,,,,,,,,,,,,,,,,,
S32,4.0,1000004.0,5.0,0.1,0.25,23400.0,1.9802465640584186,21.42507421371573,706.8537634443124,11235.00767317873,47138.0,20.0,47158.0,46794.0,7199.076923076924,7255.076923076924,1018.4062500000002,156.67788461538467,21.76360751378382,-16.0,-8.142246903032891,0.0,0.0,1.3638987768773168e-05,0.0,0.0,0.0,-0.14586385951661618,0.601464033126831,0.0,0.0,0.0,0.0,0.0,0.0,0.0,0.0,0.0,0.0,,,,,,,,,,,,,,,,,,,,,,,,,,,,,,,,,,,,,,,,,,,,,,,,,,,,,,,,,,,,,,,,,,,,,
S33,4.0,1000004.0,5.0,0.1,0.5,23400.0,2.077853686772739,22.266985094167467,618.1110406886498,9866.213354914711,46806.0,20.0,46826.0,46628.0,7173.538461538462,7204.0,1862.2737499999994,286.5036538461538,39.93895835120527,-5.0,-4.5873558308415205,0.0,0.0,1.199517746680925e-05,0.0,0.0,0.0,-0.3770534587225449,0.589942216873169,0.0,0.0,0.0,0.0,0.0,0.0,0.0,0.0,0.0,0.0,,,,,,,,,,,,,,,,,,,,,,,,,,,,,,,,,,,,,,,,,,,,,,,,,,,,,,,,,,,,,,,,,,,,,
S34,4.0,1000004.0,5.0,0.1,1.0,23400.0,2.331729299008549,22.76724348453172,751.2555326937919,12951.96348552948,46620.0,20.0,46640.0,46535.0,7159.2307692307695,7175.384615384616,3532.4593750000013,543.4552884615387,75.90973192220912,-7.0,1.0286202477573687,0.0,0.0,1.1483511600181759e-05,0.0,0.0,0.0,-0.8259943792689096,0.8117349147796631,0.0,0.0,0.0,0.0,0.0,0.0,0.0,0.0,0.0,0.0,,,,,,,,,,,,,,,,,,,,,,,,,,,,,,,,,,,,,,,,,,,,,,,,,,,,,,,,,,,,,,,,,,,,,
S35,4.0,1000004.0,5.0,0.1,2.0,23400.0,2.731200720582997,24.01452351486023,737.1019548078505,13414.151488428872,46470.0,20.0,46490.0,46460.0,7147.6923076923085,7152.307692307692,5900.571953125,907.7803004807693,127.00327062257854,0.0,0.07902605724049551,0.0,0.0,1.2779452762352515e-05,0.0,0.0,0.0,-1.437588857259898,0.5324990749359131,0.0,0.0,0.0,0.0,0.0,0.0,0.0,0.0,0.0,0.0,,,,,,,,,,,,,,,,,,,,,,,,,,,,,,,,,,,,,,,,,,,,,,,,,,,,,,,,,,,,,,,,,,,,,
S36,4.0,1000004.0,5.0,0.2,0.1,23400.0,0.982710208382804,21.554748865743022,743.376775494134,11285.635604821846,47228.0,20.0,47248.0,46839.0,7206.0,7268.923076923077,338.887499999979,52.13653846153524,7.235156600268558,0.0,0.1794105083297736,0.0,0.0,3.96204731784156e-06,0.0,0.0,0.0,-0.06925743972877352,0.581897497177124,0.0,0.0,0.0,0.0,0.0,0.0,0.0,0.0,0.0,0.0,,,,,,,,,,,,,,,,,,,,,,,,,,,,,,,,,,,,,,,,,,,,,,,,,,,,,,,,,,,,,,,,,,,,,
S37,4.0,1000004.0,5.0,0.2,0.25,23400.0,1.0428224738779388,22.94510770096349,699.706501585102,11155.569105439841,46946.0,20.0,46966.0,46698.0,7184.307692307692,7225.538461538462,896.4231249999979,137.91124999999968,19.19617810184586,-6.0,-4.145664246048697,0.0,0.0,3.774368096837678e-06,0.0,0.0,0.0,-0.18790499371859298,0.6563539505004883,0.0,0.0,0.0,0.0,0.0,0.0,0.0,0.0,0.0,0.0,,,,,,,,,,,,,,,,,,,,,,,,,,,,,,,,,,,,,,,,,,,,,,,,,,,,,,,,,,,,,,,,,,,,,
S38,4.0,1000004.0,5.0,0.2,0.5,23400.0,1.1626486285917834,22.997750352056755,738.7358482677404,12452.255783099985,46640.0,20.0,46660.0,46545.0,7160.769230769231,7178.461538461539,1718.7468749999998,264.42259615384614,36.92656300354495,-4.0,0.3712088850918411,0.0,0.0,3.3912094296954154e-06,0.0,0.0,0.0,-0.4062102841485046,0.5431253910064697,0.0,0.0,0.0,0.0,0.0,0.0,0.0,0.0,0.0,0.0,,,,,,,,,,,,,,,,,,,,,,,,,,,,,,,,,,,,,,,,,,,,,,,,,,,,,,,,,,,,,,,,,,,,,
S39,4.0,1000004.0,5.0,0.2,1.0,23400.0,1.3664624105764662,24.09390116800023,716.8611374876338,13044.65883110656,46490.0,20.0,46510.0,46470.0,7149.2307692307695,7155.384615384616,2933.9743749999993,451.380673076923,63.13695663869162,0.0,-0.14096539940196498,0.0,0.0,3.72504520790681e-06,0.0,0.0,0.0,-0.6949022289216996,0.6043989658355713,0.0,0.0,0.0,0.0,0.0,0.0,0.0,0.0,0.0,0.0,,,,,,,,,,,,,,,,,,,,,,,,,,,,,,,,,,,,,,,,,,,,,,,,,,,,,,,,,,,,,,,,,,,,,
S40,4.0,1000004.0,5.0,0.2,2.0,23400.0,1.5746381203989555,24.59930099646408,588.3102787072185,9605.649916624863,46412.0,20.0,46432.0,46431.0,7143.2307692307695,7143.384615384616,3431.970000000007,527.9953846153858,73.9154874975772,10.0,0.11490815890645023,0.0,0.0,5.040430368336891e-06,0.0,0.0,0.0,-0.932118704212454,0.721397876739502,0.0,0.0,0.0,0.0,0.0,0.0,0.0,0.0,0.0,0.0,,,,,,,,,,,,,,,,,,,,,,,,,,,,,,,,,,,,,,,,,,,,,,,,,,,,,,,,,,,,,,,,,,,,,
S41,4.0,1000004.0,5.0,0.3,0.1,23400.0,0.676852143196387,21.716263782965143,730.6946075444466,13273.500272303943,47204.0,20.0,47224.0,46827.0,7204.153846153847,7265.2307692307695,369.9562499999776,56.91634615384271,7.900490101863832,1.0,1.0106791969243913,0.0,0.0,1.8474891452617186e-06,0.0,0.0,0.0,-0.07947439984995659,0.7773849964141846,0.0,0.0,0.0,0.0,0.0,0.0,0.0,0.0,0.0,0.0,,,,,,,,,,,,,,,,,,,,,,,,,,,,,,,,,,,,,,,,,,,,,,,,,,,,,,,,,,,,,,,,,,,,,
S42,4.0,1000004.0,5.0,0.3,0.25,23400.0,0.7404408839943006,22.56483771125204,615.7226187044978,9706.030080293043,46790.0,20.0,46810.0,46620.0,7172.307692307692,7201.538461538462,883.7209374999995,135.95706730769226,18.955833065208058,-6.0,-1.3314822725331055,0.0,0.0,1.7048761999214002e-06,9.0,1.0,0.1111111111111111,-0.2010081076826198,0.8318688869476318,0.0,0.0,0.0,0.0,1.0,0.0,0.0,0.0,0.0,8.0,,,,,,,,,,,,,,,,,,,,,,,,,,,,,,,,,,,,,,,,,,,,,,,,,,,,,,,,,,,,,,,,,,,,,
S43,4.0,1000004.0,5.0,0.3,0.5,23400.0,0.8429307765376396,23.320098192848945,746.5134430795115,14347.469972599254,46548.0,20.0,46568.0,46499.0,7153.6923076923085,7164.307692307692,1572.1012499999986,241.86173076923058,33.809356115185246,-4.0,0.08543357539513029,0.0,0.0,1.6566032768910642e-06,0.0,0.0,0.0,-0.3718064371744794,0.597743034362793,0.0,0.0,0.0,0.0,0.0,0.0,0.0,0.0,0.0,0.0,,,,,,,,,,,,,,,,,,,,,,,,,,,,,,,,,,,,,,,,,,,,,,,,,,,,,,,,,,,,,,,,,,,,,
S44,4.0,1000004.0,5.0,0.3,1.0,23400.0,0.9930978130194726,24.661336346532153,743.6536761173679,12662.379803326206,46438.0,20.0,46458.0,46444.0,7145.2307692307695,7147.384615384616,2207.6284374999973,339.63514423076884,47.53312456937381,4.0,0.27381460914139255,0.0,0.0,2.0514325697725655e-06,0.0,0.0,0.0,-0.5686426678276176,0.4876129627227783,0.0,0.0,0.0,0.0,0.0,0.0,0.0,0.0,0.0,0.0,,,,,,,,,,,,,,,,,,,,,,,,,,,,,,,,,,,,,,,,,,,,,,,,,,,,,,,,,,,,,,,,,,,,,
S45,4.0,1000004.0,5.0,0.3,2.0,23400.0,1.110089052481596,24.26809966399867,616.435965083749,9649.801860779957,46410.0,20.0,46430.0,46430.0,7143.076923076924,7143.076923076924,1930.0849999999973,296.93615384615345,41.569782468231686,-1.0,0.34686031610422896,0.0,0.0,2.7560986897312266e-06,0.0,0.0,0.0,-0.6635681449432125,0.5333678722381592,0.0,0.0,0.0,0.0,0.0,0.0,0.0,0.0,0.0,0.0,,,,,,,,,,,,,,,,,,,,,,,,,,,,,,,,,,,,,,,,,,,,,,,,,,,,,,,,,,,,,,,,,,,,,
S46,4.0,1000004.0,5.0,0.5,0.1,23400.0,0.42521025290904474,23.17710913439896,796.0952463564571,13100.600321409802,47160.0,20.0,47180.0,46805.0,7200.769230769231,7258.461538461539,344.7487499999777,53.0382692307658,7.365639354769313,-1.0,0.05254164886800513,0.0,0.0,7.228316446751431e-07,0.0,0.0,0.0,-0.08377159776325137,0.5311357975006104,0.0,0.0,0.0,0.0,0.0,0.0,0.0,0.0,0.0,0.0,,,,,,,,,,,,,,,,,,,,,,,,,,,,,,,,,,,,,,,,,,,,,,,,,,,,,,,,,,,,,,,,,,,,,
S47,4.0,1000004.0,5.0,0.5,0.25,23400.0,0.4841041969692471,23.65549181881579,729.4796853294401,13052.154917695456,46694.0,20.0,46714.0,46572.0,7164.923076923077,7186.769230769231,768.5572656250008,118.2395793269232,16.502560886906313,0.0,0.4408372490388723,0.0,0.0,6.591925217348893e-07,0.0,0.0,0.0,-0.18886104272295903,0.6336731910705566,0.0,0.0,0.0,0.0,0.0,0.0,0.0,0.0,0.0,0.0,,,,,,,,,,,,,,,,,,,,,,,,,,,,,,,,,,,,,,,,,,,,,,,,,,,,,,,,,,,,,,,,,,,,,
S48,4.0,1000004.0,5.0,0.5,0.5,23400.0,0.5637090321479458,25.142187781795656,791.0468728511551,13955.401908458642,46462.0,20.0,46482.0,46456.0,7147.076923076924,7151.076923076924,1134.4100000000017,174.52461538461566,24.41902014809716,0.0,0.0888509184109355,0.0,0.0,6.982996090685639e-07,0.0,0.0,0.0,-0.29931375073572675,0.6263961791992188,0.0,0.0,0.0,0.0,0.0,0.0,0.0,0.0,0.0,0.0,,,,,,,,,,,,,,,,,,,,,,,,,,,,,,,,,,,,,,,,,,,,,,,,,,,,,,,,,,,,,,,,,,,,,
S49,4.0,1000004.0,5.0,0.5,1.0,23400.0,0.6465663886250297,25.308497602904026,658.6110052129278,10136.779991096451,46412.0,20.0,46432.0,46431.0,7143.2307692307695,7143.384615384616,1155.815000000001,177.81769230769245,24.893174818547973,8.0,0.290474156343443,0.0,0.0,9.391884273458056e-07,0.0,0.0,0.0,-0.3702267428952043,0.613635778427124,0.0,0.0,0.0,0.0,0.0,0.0,0.0,0.0,0.0,0.0,,,,,,,,,,,,,,,,,,,,,,,,,,,,,,,,,,,,,,,,,,,,,,,,,,,,,,,,,,,,,,,,,,,,,
S50,4.0,1000004.0,5.0,0.5,2.0,23400.0,0.693920654238898,23.203249412326272,593.8440801675719,9495.679700412944,46410.0,20.0,46430.0,46430.0,7143.076923076924,7143.076923076924,450.7624999999982,69.34807692307666,9.708432048244632,20.0,-0.4327210593763349,0.0,0.0,1.1551772761009334e-06,0.0,0.0,0.0,-0.42625724337748233,0.5499222278594971,0.0,0.0,0.0,0.0,0.0,0.0,0.0,0.0,0.0,0.0,,,,,,,,,,,,,,,,,,,,,,,,,,,,,,,,,,,,,,,,,,,,,,,,,,,,,,,,,,,,,,,,,,,,,
S51,4.0,1000004.0,10.0,0.05,0.1,23400.0,3.792328009973875,24.268143137374864,670.4981776709952,10491.5221392811,93684.0,20.0,93704.0,93282.0,14351.076923076924,14416.0,587.9918749999729,90.46028846153429,6.303379805321208,-9.0,-8.881247330200768,0.0,0.0,4.34192244841403e-05,0.0,0.0,0.0,0.11851458385718501,0.7818293571472168,0.0,0.0,0.0,0.0,0.0,0.0,0.0,0.0,0.0,0.0,,,,,,,,,,,,,,,,,,,,,,,,,,,,,,,,,,,,,,,,,,,,,,,,,,,,,,,,,,,,,,,,,,,,,
S52,4.0,1000004.0,10.0,0.05,0.25,23400.0,3.865614328544289,24.31835148163327,699.0621238530558,10722.243793983165,93650.0,20.0,93670.0,93265.0,14348.461538461539,14410.769230769232,1206.6324999999965,185.63576923076872,12.937677585374969,-21.0,-11.95984621956429,0.0,0.0,4.311899248330835e-05,0.0,0.0,0.0,-0.04292508443832894,0.7715857028961182,0.0,0.0,0.0,0.0,0.0,0.0,0.0,0.0,0.0,0.0,,,,,,,,,,,,,,,,,,,,,,,,,,,,,,,,,,,,,,,,,,,,,,,,,,,,,,,,,,,,,,,,,,,,,
S53,4.0,1000004.0,10.0,0.05,0.5,23400.0,4.046363215388269,24.177352433660417,775.304530307731,11723.885596166521,93700.0,20.0,93720.0,93290.0,14352.307692307693,14418.461538461539,2031.7274999999895,312.5734615384599,21.77862043091424,-30.0,-19.24263135412217,0.0,0.0,4.4914114241885046e-05,0.0,0.0,0.0,-0.29006673096067676,0.692875862121582,0.0,0.0,0.0,0.0,0.0,0.0,0.0,0.0,0.0,0.0,,,,,,,,,,,,,,,,,,,,,,,,,,,,,,,,,,,,,,,,,,,,,,,,,,,,,,,,,,,,,,,,,,,,,
S54,4.0,1000004.0,10.0,0.05,1.0,23400.0,4.206317108465923,24.968994705646764,698.9219211509378,10086.76794851703,93272.0,20.0,93292.0,93076.0,14319.384615384617,14352.615384615385,3838.7453124999975,590.5762019230766,41.243127256220696,-12.0,-5.697992310978214,0.0,0.0,3.852734981629641e-05,0.0,0.0,0.0,-0.7639188659729188,1.0903711318969727,0.0,0.0,0.0,0.0,0.0,0.0,0.0,0.0,0.0,0.0,,,,,,,,,,,,,,,,,,,,,,,,,,,,,,,,,,,,,,,,,,,,,,,,,,,,,,,,,,,,,,,,,,,,,
S55,4.0,1000004.0,10.0,0.05,2.0,23400.0,4.745749628947994,24.619921745073952,805.3340393318267,13258.254599633834,93096.0,20.0,93116.0,92988.0,14305.846153846154,14325.538461538463,7205.321875000007,1108.511057692309,77.48657756914878,-6.0,2.5198633062793676,0.0,0.0,3.874048628848505e-05,0.0,0.0,0.0,-1.6708098486278948,0.8971672058105469,0.0,0.0,0.0,0.0,0.0,0.0,0.0,0.0,0.0,0.0,,,,,,,,,,,,,,,,,,,,,,,,,,,,,,,,,,,,,,,,,,,,,,,,,,,,,,,,,,,,,,,,,,,,,
S56,4.0,1000004.0,10.0,0.1,0.1,23400.0,1.913178476015195,24.529340143872105,769.0163711320349,11118.443627025455,93628.0,20.0,93648.0,93254.0,14346.769230769232,14407.384615384617,332.69562499997664,51.18394230768872,3.567628466338995,4.0,0.7471166168304143,0.0,0.0,1.3893538038806551e-05,0.0,0.0,0.0,-0.016481890459357877,0.7205221652984619,0.0,0.0,0.0,0.0,0.0,0.0,0.0,0.0,0.0,0.0,,,,,,,,,,,,,,,,,,,,,,,,,,,,,,,,,,,,,,,,,,,,,,,,,,,,,,,,,,,,,,,,,,,,,
S57,4.0,1000004.0,10.0,0.1,0.25,23400.0,2.0225625222631205,24.33316344391642,760.9164861714382,11344.76370678949,93672.0,20.0,93692.0,93276.0,14350.153846153848,14414.153846153848,952.1074999999946,146.47807692307612,10.20742205926492,-13.0,-9.322938914993593,0.0,0.0,1.4533181515672957e-05,0.0,0.0,0.0,-0.1486225401103033,0.684093713760376,0.0,0.0,0.0,0.0,0.0,0.0,0.0,0.0,0.0,0.0,,,,,,,,,,,,,,,,,,,,,,,,,,,,,,,,,,,,,,,,,,,,,,,,,,,,,,,,,,,,,,,,,,,,,
S58,4.0,1000004.0,10.0,0.1,0.5,23400.0,2.103530856684873,24.18980868613926,648.8751541793455,10377.096371241058,93272.0,20.0,93292.0,93076.0,14319.384615384617,14352.615384615385,1898.347499999999,292.0534615384614,20.39567127938458,-11.0,-6.2011960700555315,0.0,0.0,1.3095568437897178e-05,0.0,0.0,0.0,-0.3775693047523259,0.653268575668335,0.0,0.0,0.0,0.0,0.0,0.0,0.0,0.0,0.0,0.0,,,,,,,,,,,,,,,,,,,,,,,,,,,,,,,,,,,,,,,,,,,,,,,,,,,,,,,,,,,,,,,,,,,,,
S59,4.0,1000004.0,10.0,0.1,1.0,23400.0,2.365147738066968,24.900423053441045,769.7103923529452,12281.100486955691,93084.0,20.0,93104.0,92982.0,14304.923076923078,14323.692307692309,3600.210000000001,553.8784615384617,38.71942956701298,-7.0,1.0166595472020503,0.0,0.0,1.2376315582488886e-05,0.0,0.0,0.0,-0.8236108219782993,0.732374906539917,0.0,0.0,0.0,0.0,0.0,0.0,0.0,0.0,0.0,0.0,,,,,,,,,,,,,,,,,,,,,,,,,,,,,,,,,,,,,,,,,,,,,,,,,,,,,,,,,,,,,,,,,,,,,
S60,4.0,1000004.0,10.0,0.1,2.0,23400.0,2.7622108020660177,25.06809525843346,782.5780097827733,13665.959148211707,92922.0,20.0,92942.0,92901.0,14292.461538461539,14298.769230769232,5996.754375,922.5775961538462,64.54994429554043,6.0,0.38359675352413497,0.0,0.0,1.369953771414844e-05,0.0,0.0,0.0,-1.4107855218191376,0.7710177898406982,0.0,0.0,0.0,0.0,0.0,0.0,0.0,0.0,0.0,0.0,,,,,,,,,,,,,,,,,,,,,,,,,,,,,,,,,,,,,,,,,,,,,,,,,,,,,,,,,,,,,,,,,,,,,
S61,4.0,1000004.0,10.0,0.2,0.1,23400.0,0.9966080503443332,24.55875423709881,708.7783295393787,10379.759540222256,93690.0,20.0,93710.0,93285.0,14351.538461538463,14416.923076923078,411.3856249999801,63.290096153843095,4.409986868199391,-4.0,-2.8756941478000853,0.0,0.0,4.138361080278378e-06,4.0,1.0,0.25,-0.06276819146279984,0.8349723815917969,0.0,0.0,0.0,0.0,0.0,0.0,0.0,0.0,0.0,3.0,,,,,,,,,,,,,,,,,,,,,,,,,,,,,,,,,,,,,,,,,,,,,,,,,,,,,,,,,,,,,,,,,,,,,
S62,4.0,1000004.0,10.0,0.2,0.25,23400.0,1.0534552659700784,25.487363861172298,727.752671172536,10796.624768143123,93308.0,20.0,93328.0,93094.0,14322.153846153848,14358.153846153848,944.0306249999994,145.2354807692307,10.140617279309078,-6.0,0.025202904741563434,0.0,0.0,3.728940615750797e-06,0.0,0.0,0.0,-0.19643281406720167,0.803950309753418,0.0,0.0,0.0,0.0,0.0,0.0,0.0,0.0,0.0,0.0,,,,,,,,,,,,,,,,,,,,,,,,,,,,,,,,,,,,,,,,,,,,,,,,,,,,,,,,,,,,,,,,,,,,,
S63,4.0,1000004.0,10.0,0.2,0.5,23400.0,1.183703351341724,24.295679931625273,659.8982398264451,10457.677170191548,93112.0,20.0,93132.0,92996.0,14307.076923076924,14328.0,1793.6618750000048,275.94798076923155,19.28751639855483,-6.0,-1.1789833404527978,0.0,0.0,3.6987005308625822e-06,0.0,0.0,0.0,-0.4088652676780342,0.808845043182373,0.0,0.0,0.0,0.0,0.0,0.0,0.0,0.0,0.0,0.0,,,,,,,,,,,,,,,,,,,,,,,,,,,,,,,,,,,,,,,,,,,,,,,,,,,,,,,,,,,,,,,,,,,,,
S64,4.0,1000004.0,10.0,0.2,1.0,23400.0,1.3739729132035146,25.419877495125547,779.6467791503114,13889.674697252987,92910.0,20.0,92930.0,92895.0,14291.538461538463,14296.923076923078,2909.613125000003,447.63278846153895,31.321525647236157,2.0,0.12131567706108501,0.0,0.0,3.925802471765535e-06,0.0,0.0,0.0,-0.7044792223409941,0.6606833934783936,0.0,0.0,0.0,0.0,0.0,0.0,0.0,0.0,0.0,0.0,,,,,,,,,,,,,,,,,,,,,,,,,,,,,,,,,,,,,,,,,,,,,,,,,,,,,,,,,,,,,,,,,,,,,
S65,4.0,1000004.0,10.0,0.2,2.0,23400.0,1.5888775083115652,24.274478934549506,592.459762833267,9294.458279860726,92842.0,20.0,92862.0,92861.0,14286.307692307693,14286.461538461539,3534.5278125000077,543.7735096153858,38.06256461270078,16.0,0.06322084579239641,0.0,0.0,5.201877214302717e-06,0.0,0.0,0.0,-0.9524332255492555,0.6878907680511475,0.0,0.0,0.0,0.0,0.0,0.0,0.0,0.0,0.0,0.0,,,,,,,,,,,,,,,,,,,,,,,,,,,,,,,,,,,,,,,,,,,,,,,,,,,,,,,,,,,,,,,,,,,,,
S66,4.0,1000004.0,10.0,0.3,0.1,23400.0,0.6923192234623574,24.656623418464278,746.2628477439476,11134.682492875023,93738.0,20.0,93758.0,93309.0,14355.23076923077,14424.307692307693,360.5412499999784,55.467884615381294,3.863949351080586,-2.0,-3.169158479282358,0.0,0.0,2.0644948978427532e-06,0.0,0.0,0.0,-0.0697874874623811,0.7058887481689453,0.0,0.0,0.0,0.0,0.0,0.0,0.0,0.0,0.0,0.0,,,,,,,,,,,,,,,,,,,,,,,,,,,,,,,,,,,,,,,,,,,,,,,,,,,,,,,,,,,,,,,,,,,,,
S67,4.0,1000004.0,10.0,0.3,0.25,23400.0,0.7475116510330088,25.53787457261933,868.0819282946542,15062.977220799225,93288.0,20.0,93308.0,93084.0,14320.615384615385,14355.076923076924,873.2993750000007,134.35375000000013,9.38184193846419,0.0,1.259718069201196,0.0,0.0,1.8158336090546807e-06,0.0,0.0,0.0,-0.20166797858942073,0.6644749641418457,0.0,0.0,0.0,0.0,0.0,0.0,0.0,0.0,0.0,0.0,,,,,,,,,,,,,,,,,,,,,,,,,,,,,,,,,,,,,,,,,,,,,,,,,,,,,,,,,,,,,,,,,,,,,
S68,4.0,1000004.0,10.0,0.3,0.5,23400.0,0.847973892780812,26.020986417367112,801.8703912409044,12866.874872385199,92996.0,20.0,93016.0,92938.0,14298.153846153848,14310.153846153848,1568.7475000000027,241.34576923076966,16.879505691966717,-3.0,-0.013242204186245195,0.0,0.0,1.7405106061869593e-06,0.0,0.0,0.0,-0.37312168670804235,1.020232915878296,0.0,0.0,0.0,0.0,0.0,0.0,0.0,0.0,0.0,0.0,,,,,,,,,,,,,,,,,,,,,,,,,,,,,,,,,,,,,,,,,,,,,,,,,,,,,,,,,,,,,,,,,,,,,
S69,4.0,1000004.0,10.0,0.3,1.0,23400.0,1.0015206008074091,25.193477221710964,775.9862855890859,12835.448712433963,92886.0,20.0,92906.0,92883.0,14289.692307692309,14293.23076923077,2297.1243750000026,353.4037500000004,24.73137576305678,9.0,0.3079880392994447,0.0,0.0,2.1288459164430333e-06,0.0,0.0,0.0,-0.5786175484351715,0.7688391208648682,0.0,0.0,0.0,0.0,0.0,0.0,0.0,0.0,0.0,0.0,,,,,,,,,,,,,,,,,,,,,,,,,,,,,,,,,,,,,,,,,,,,,,,,,,,,,,,,,,,,,,,,,,,,,
S70,4.0,1000004.0,10.0,0.3,2.0,23400.0,1.1173510448824509,23.576324119579112,609.4271980853457,10060.090242627699,92840.0,20.0,92860.0,92860.0,14286.153846153848,14286.153846153848,2011.1043750000008,309.4006730769232,21.65738073443895,9.0,0.7227680478428022,0.0,0.0,2.818049947928963e-06,0.0,0.0,0.0,-0.6735181712364202,0.6813442707061768,0.0,0.0,0.0,0.0,0.0,0.0,0.0,0.0,0.0,0.0,,,,,,,,,,,,,,,,,,,,,,,,,,,,,,,,,,,,,,,,,,,,,,,,,,,,,,,,,,,,,,,,,,,,,
S71,4.0,1000004.0,10.0,0.5,0.1,23400.0,0.4325878502730912,25.567717408896897,871.9263245804565,14221.66337597311,93714.0,20.0,93734.0,93297.0,14353.384615384617,14420.615384615385,337.6787499999791,51.95057692307371,3.619395586138666,0.0,0.5019222554463905,0.0,0.0,7.536798580125804e-07,0.0,0.0,0.0,-0.0851727922729493,0.7446119785308838,0.0,0.0,0.0,0.0,0.0,0.0,0.0,0.0,0.0,0.0,,,,,,,,,,,,,,,,,,,,,,,,,,,,,,,,,,,,,,,,,,,,,,,,,,,,,,,,,,,,,,,,,,,,,
S72,4.0,1000004.0,10.0,0.5,0.25,23400.0,0.48895336618380436,25.563279469082772,822.3473326553088,14041.458472656679,93136.0,20.0,93156.0,93008.0,14308.923076923078,14331.692307692309,791.8393750000022,121.82144230769265,8.513669523051805,-2.0,0.5241349850491243,0.0,0.0,7.113673436945329e-07,0.0,0.0,0.0,-0.18861836198050277,0.721520185470581,0.0,0.0,0.0,0.0,0.0,0.0,0.0,0.0,0.0,0.0,,,,,,,,,,,,,,,,,,,,,,,,,,,,,,,,,,,,,,,,,,,,,,,,,,,,,,,,,,,,,,,,,,,,,
S73,4.0,1000004.0,10.0,0.5,0.5,23400.0,0.5730742029802897,24.78851415394456,705.7362791506706,12396.917394011116,92906.0,20.0,92926.0,92893.0,14291.23076923077,14296.307692307693,1193.7590624999987,183.65524038461518,12.850904400762152,0.0,-0.32080307560871424,0.0,0.0,7.43880269899655e-07,0.0,0.0,0.0,-0.3041778445051782,0.9108209609985352,0.0,0.0,0.0,0.0,0.0,0.0,0.0,0.0,0.0,0.0,,,,,,,,,,,,,,,,,,,,,,,,,,,,,,,,,,,,,,,,,,,,,,,,,,,,,,,,,,,,,,,,,,,,,
S74,4.0,1000004.0,10.0,0.5,1.0,23400.0,0.6507886487770127,24.079769362962907,584.4795047299284,8989.32075227298,92840.0,20.0,92860.0,92860.0,14286.153846153848,14286.153846153848,1203.6315625000002,185.17408653846158,12.96178723346974,9.0,0.031610422896198205,0.0,0.0,9.689332677575763e-07,0.0,0.0,0.0,-0.3872378120964267,0.9748179912567139,0.0,0.0,0.0,0.0,0.0,0.0,0.0,0.0,0.0,0.0,,,,,,,,,,,,,,,,,,,,,,,,,,,,,,,,,,,,,,,,,,,,,,,,,,,,,,,,,,,,,,,,,,,,,
S75,4.0,1000004.0,10.0,0.5,2.0,23400.0,0.6968565364521491,22.76904322093469,578.0565647232129,9279.888858572665,92840.0,20.0,92860.0,92860.0,14286.153846153848,14286.153846153848,443.95875000000024,68.3013461538462,4.780947124703858,20.0,-0.20845792396411789,0.0,0.0,1.1768062177574163e-06,0.0,0.0,0.0,-0.3970782342657337,0.9339220523834229,0.0,0.0,0.0,0.0,0.0,0.0,0.0,0.0,0.0,0.0,,,,,,,,,,,,,,,,,,,,,,,,,,,,,,,,,,,,,,,,,,,,,,,,,,,,,,,,,,,,,,,,,,,,,
S76,4.0,1000004.0,20.0,0.05,0.1,23400.0,3.8113804118080106,25.905649014261144,702.4476633478127,10811.877559927958,186631.0,20.0,186651.0,186181.0,28643.23076923077,28715.538461538465,597.3531249999799,91.90048076922767,3.208453735880567,-11.0,-9.158052114480991,0.0,0.0,4.448156908200282e-05,0.0,0.0,0.0,0.12087328874655233,0.9861011505126953,0.0,0.0,0.0,0.0,0.0,0.0,0.0,0.0,0.0,0.0,,,,,,,,,,,,,,,,,,,,,,,,,,,,,,,,,,,,,,,,,,,,,,,,,,,,,,,,,,,,,,,,,,,,,
S77,4.0,1000004.0,20.0,0.05,0.25,23400.0,3.853656384330397,25.941736051463522,696.3008432790916,10495.563272563424,186515.0,20.0,186535.0,186123.0,28634.307692307695,28697.69230769231,1208.5450000000087,185.93000000000134,6.493259833550979,-21.0,-10.156770610850064,0.0,0.0,4.3729212217623345e-05,0.0,0.0,0.0,-0.030044261006289222,1.076082706451416,0.0,0.0,0.0,0.0,0.0,0.0,0.0,0.0,0.0,0.0,,,,,,,,,,,,,,,,,,,,,,,,,,,,,,,,,,,,,,,,,,,,,,,,,,,,,,,,,,,,,,,,,,,,,
S78,4.0,1000004.0,20.0,0.05,0.5,23400.0,4.008469620550027,25.72258744546525,741.2098689760574,11347.39664560446,186431.0,20.0,186451.0,186081.0,28627.846153846156,28684.769230769234,2030.4012499999972,312.36942307692266,10.911384020937104,-26.0,-16.164459632635626,0.0,0.0,4.4771309038768604e-05,0.0,0.0,0.0,-0.2788432876755266,1.1204257011413574,0.0,0.0,0.0,0.0,0.0,0.0,0.0,0.0,0.0,0.0,,,,,,,,,,,,,,,,,,,,,,,,,,,,,,,,,,,,,,,,,,,,,,,,,,,,,,,,,,,,,,,,,,,,,
S79,4.0,1000004.0,20.0,0.05,1.0,23400.0,4.221934773315601,26.355067955668346,717.3596756780572,10497.28966644711,186163.0,20.0,186183.0,185947.0,28607.23076923077,28643.538461538465,3853.058124999997,592.7781730769226,20.721270711546822,-12.0,-6.286629645450662,0.0,0.0,4.031828904021688e-05,0.0,0.0,0.0,-0.7652640883718013,0.9972763061523438,0.0,0.0,0.0,0.0,0.0,0.0,0.0,0.0,0.0,0.0,,,,,,,,,,,,,,,,,,,,,,,,,,,,,,,,,,,,,,,,,,,,,,,,,,,,,,,,,,,,,,,,,,,,,
S80,4.0,1000004.0,20.0,0.05,2.0,23400.0,4.748009216104211,25.858889799545977,827.7543325367609,13383.096752457917,185977.0,20.0,185997.0,185854.0,28592.923076923078,28614.923076923078,7041.621875000002,1083.3264423076926,37.8879221055237,-3.0,3.478855190089705,0.0,0.0,4.11393065260567e-05,0.0,0.0,0.0,-1.6349986601513242,1.030332326889038,0.0,0.0,0.0,0.0,0.0,0.0,0.0,0.0,0.0,0.0,,,,,,,,,,,,,,,,,,,,,,,,,,,,,,,,,,,,,,,,,,,,,,,,,,,,,,,,,,,,,,,,,,,,,
S81,4.0,1000004.0,20.0,0.1,0.1,23400.0,1.9387630916474663,25.58030688997951,711.5352663871747,11143.36518714217,186613.0,20.0,186633.0,186172.0,28641.846153846156,28712.769230769234,459.96218749997877,70.7634134615352,2.470630317663122,-8.0,-5.53139683895771,0.0,0.0,1.4678758779754332e-05,4.0,1.0,0.25,0.01403433408862644,1.2758684158325195,0.0,0.0,0.0,0.0,1.0,0.0,0.0,0.0,0.0,3.0,,,,,,,,,,,,,,,,,,,,,,,,,,,,,,,,,,,,,,,,,,,,,,,,,,,,,,,,,,,,,,,,,,,,,
S82,4.0,1000004.0,20.0,0.1,0.25,23400.0,2.024337112890968,26.08282866166246,746.0416880010373,11761.857535048228,186575.0,20.0,186595.0,186153.0,28638.923076923078,28706.923076923078,1002.2425000000064,154.19115384615483,5.383971786648651,-11.0,-8.257582229816318,0.0,0.0,1.4938464764671552e-05,4.0,1.0,0.25,-0.1478530976220276,1.618736743927002,0.0,0.0,0.0,0.0,1.0,0.0,0.0,0.0,0.0,3.0,,,,,,,,,,,,,,,,,,,,,,,,,,,,,,,,,,,,,,,,,,,,,,,,,,,,,,,,,,,,,,,,,,,,,
S83,4.0,1000004.0,20.0,0.1,0.5,23400.0,2.1099394696843756,26.155374744506844,670.5634311176674,10188.942822512836,186165.0,20.0,186185.0,185948.0,28607.384615384617,28643.846153846156,1907.4831250000052,293.4589423076931,10.258153489147531,-11.0,-6.288338316958565,0.0,0.0,1.368621707068139e-05,0.0,0.0,0.0,-0.377360402494331,1.2438099384307861,0.0,0.0,0.0,0.0,0.0,0.0,0.0,0.0,0.0,0.0,,,,,,,,,,,,,,,,,,,,,,,,,,,,,,,,,,,,,,,,,,,,,,,,,,,,,,,,,,,,,,,,,,,,,
S84,4.0,1000004.0,20.0,0.1,1.0,23400.0,2.3728043511173915,26.08282866166246,835.976338335816,13699.005911903085,185985.0,20.0,186005.0,185858.0,28593.538461538465,28616.153846153848,3542.3918750000016,544.9833653846157,19.059668537270397,-4.0,0.6369073045706963,0.0,0.0,1.319005975224502e-05,0.0,0.0,0.0,-0.8169411178427924,1.4046075344085693,0.0,0.0,0.0,0.0,0.0,0.0,0.0,0.0,0.0,0.0,,,,,,,,,,,,,,,,,,,,,,,,,,,,,,,,,,,,,,,,,,,,,,,,,,,,,,,,,,,,,,,,,,,,,
S85,4.0,1000004.0,20.0,0.1,2.0,23400.0,2.7808677743605577,25.915505610895252,757.6746978984288,13325.66740767322,185795.0,20.0,185815.0,185763.0,28578.923076923078,28586.923076923078,6135.747499999996,943.9611538461533,33.02997636773736,0.0,1.1072191371208886,0.0,0.0,1.4904503303482902e-05,0.0,0.0,0.0,-1.4398783628608922,1.2699711322784424,0.0,0.0,0.0,0.0,0.0,0.0,0.0,0.0,0.0,0.0,,,,,,,,,,,,,,,,,,,,,,,,,,,,,,,,,,,,,,,,,,,,,,,,,,,,,,,,,,,,,,,,,,,,,
S86,4.0,1000004.0,20.0,0.2,0.1,23400.0,1.01380051119766,25.02364310690791,663.5054217091961,9447.978655749695,186677.0,20.0,186697.0,186204.0,28646.769230769234,28722.615384615387,403.7831249999824,62.12048076922807,2.168498662756882,-8.0,-3.765057667663392,0.0,0.0,4.565471096960504e-06,0.0,0.0,0.0,-0.058040245037215,1.1485347747802734,0.0,0.0,0.0,0.0,0.0,0.0,0.0,0.0,0.0,0.0,,,,,,,,,,,,,,,,,,,,,,,,,,,,,,,,,,,,,,,,,,,,,,,,,,,,,,,,,,,,,,,,,,,,,
S87,4.0,1000004.0,20.0,0.2,0.25,23400.0,1.0536335852708576,26.756429605205994,715.5656816346627,10801.078057700108,186221.0,20.0,186241.0,185976.0,28611.69230769231,28652.46153846154,922.7824999999993,141.96653846153836,4.961836473523461,-3.0,-2.247330200768902,0.0,0.0,3.9021445875371175e-06,0.0,0.0,0.0,-0.18845652515723268,1.2448866367340088,0.0,0.0,0.0,0.0,0.0,0.0,0.0,0.0,0.0,0.0,,,,,,,,,,,,,,,,,,,,,,,,,,,,,,,,,,,,,,,,,,,,,,,,,,,,,,,,,,,,,,,,,,,,,
S88,4.0,1000004.0,20.0,0.2,0.5,23400.0,1.1829599962595292,26.699979406011153,845.8154263860124,14519.543577659839,186015.0,20.0,186035.0,185873.0,28595.846153846156,28620.769230769234,1759.789062500003,270.7367788461543,9.467696020939043,-6.0,0.700982486117044,0.0,0.0,3.8485573708712895e-06,0.0,0.0,0.0,-0.4048357371794871,1.018002986907959,0.0,0.0,0.0,0.0,0.0,0.0,0.0,0.0,0.0,0.0,,,,,,,,,,,,,,,,,,,,,,,,,,,,,,,,,,,,,,,,,,,,,,,,,,,,,,,,,,,,,,,,,,,,,
S89,4.0,1000004.0,20.0,0.2,1.0,23400.0,1.3810247108556775,25.740263024985325,796.9826798262354,14302.225141719915,185799.0,20.0,185819.0,185765.0,28579.23076923077,28587.538461538465,2962.358125000001,455.74740384615404,15.946804430328646,-4.0,0.4545066211020931,0.0,0.0,4.212571921350395e-06,0.0,0.0,0.0,-0.6909054359383305,0.943047285079956,0.0,0.0,0.0,0.0,0.0,0.0,0.0,0.0,0.0,0.0,,,,,,,,,,,,,,,,,,,,,,,,,,,,,,,,,,,,,,,,,,,,,,,,,,,,,,,,,,,,,,,,,,,,,
S90,4.0,1000004.0,20.0,0.2,2.0,23400.0,1.590878639537369,24.24998885885725,647.1841942592222,10779.998533500126,185693.0,20.0,185713.0,185712.0,28571.076923076926,28571.23076923077,3574.576250000001,549.9348076923079,19.247955167140525,3.0,0.0457069628363947,0.0,0.0,5.524671465964134e-06,0.0,0.0,0.0,-0.9442035369068539,1.042935848236084,0.0,0.0,0.0,0.0,0.0,0.0,0.0,0.0,0.0,0.0,,,,,,,,,,,,,,,,,,,,,,,,,,,,,,,,,,,,,,,,,,,,,,,,,,,,,,,,,,,,,,,,,,,,,
S91,4.0,1000004.0,20.0,0.3,0.1,23400.0,0.6879466522787153,25.905649014261144,805.4167297910866,14185.50224791457,186835.0,20.0,186855.0,186283.0,28658.923076923078,28746.923076923078,352.2212499999802,54.18788461538158,1.8907857936579302,-1.0,-0.6283639470311833,0.0,0.0,2.095518609197721e-06,0.0,0.0,0.0,-0.07675743192604952,1.10001802444458,0.0,0.0,0.0,0.0,0.0,0.0,0.0,0.0,0.0,0.0,,,,,,,,,,,,,,,,,,,,,,,,,,,,,,,,,,,,,,,,,,,,,,,,,,,,,,,,,,,,,,,,,,,,,
S92,4.0,1000004.0,20.0,0.3,0.25,23400.0,0.7483440550264802,26.778090616371287,878.2121855391059,15370.194326373701,186155.0,20.0,186175.0,185943.0,28606.615384615387,28642.307692307695,883.4975000000003,135.92269230769236,4.751442646402394,0.0,0.8667236223835968,0.0,0.0,1.8918994268479967e-06,0.0,0.0,0.0,-0.2013805618401208,1.5004379749298096,0.0,0.0,0.0,0.0,0.0,0.0,0.0,0.0,0.0,0.0,,,,,,,,,,,,,,,,,,,,,,,,,,,,,,,,,,,,,,,,,,,,,,,,,,,,,,,,,,,,,,,,,,,,,
S93,4.0,1000004.0,20.0,0.3,0.5,23400.0,0.8551933689766548,25.94146340854786,746.0752420289098,12394.78177384524,185887.0,20.0,185907.0,185809.0,28586.0,28601.076923076926,1599.1737499999995,246.0267307692307,8.60654623834152,-1.0,0.3583938487825716,0.0,0.0,1.944507946317775e-06,0.0,0.0,0.0,-0.37483817394094987,1.469271183013916,0.0,0.0,0.0,0.0,0.0,0.0,0.0,0.0,0.0,0.0,,,,,,,,,,,,,,,,,,,,,,,,,,,,,,,,,,,,,,,,,,,,,,,,,,,,,,,,,,,,,,,,,,,,,
S94,4.0,1000004.0,20.0,0.3,1.0,23400.0,1.0041843547391172,25.344093875894032,685.1742718456946,11329.556107975668,185751.0,20.0,185771.0,185741.0,28575.538461538465,28580.153846153848,2259.627500000007,347.63500000000107,12.165475043205362,9.0,0.34686031610422896,0.0,0.0,2.266407298117629e-06,0.0,0.0,0.0,-0.5679404387541177,1.1956849098205566,0.0,0.0,0.0,0.0,0.0,0.0,0.0,0.0,0.0,0.0,,,,,,,,,,,,,,,,,,,,,,,,,,,,,,,,,,,,,,,,,,,,,,,,,,,,,,,,,,,,,,,,,,,,,
S95,4.0,1000004.0,20.0,0.3,2.0,23400.0,1.1200760117082673,23.086651077907845,604.8334784288443,9901.273290959085,185691.0,20.0,185711.0,185711.0,28570.923076923078,28570.923076923078,1984.4031249999955,305.2927884615378,10.685436646186792,11.0,0.19393421614694575,0.0,0.0,2.983688643248789e-06,0.0,0.0,0.0,-0.6553075787401569,1.1552011966705322,0.0,0.0,0.0,0.0,0.0,0.0,0.0,0.0,0.0,0.0,,,,,,,,,,,,,,,,,,,,,,,,,,,,,,,,,,,,,,,,,,,,,,,,,,,,,,,,,,,,,,,,,,,,,
S96,4.0,1000004.0,20.0,0.5,0.1,23400.0,0.4304187842876452,25.821997683964582,598.651330199866,8520.655221718405,186449.0,20.0,186469.0,186090.0,28629.23076923077,28687.538461538465,356.15562499997856,54.79317307691978,1.913889112794769,-3.0,-0.7240495514737292,0.0,0.0,7.81249923884525e-07,0.0,0.0,0.0,-0.08502180050187615,1.287919282913208,0.0,0.0,0.0,0.0,0.0,0.0,0.0,0.0,0.0,0.0,,,,,,,,,,,,,,,,,,,,,,,,,,,,,,,,,,,,,,,,,,,,,,,,,,,,,,,,,,,,,,,,,,,,,
S97,4.0,1000004.0,20.0,0.5,0.25,23400.0,0.4875309034127342,26.953830228991137,828.7161009654903,12496.332286274514,186045.0,20.0,186065.0,185888.0,28598.153846153848,28625.384615384617,772.3315625000002,118.82024038461543,4.154822056829921,2.0,0.23024348568987613,0.0,0.0,7.103101336044752e-07,0.0,0.0,0.0,-0.18675115503080075,1.0979094505310059,0.0,0.0,0.0,0.0,0.0,0.0,0.0,0.0,0.0,0.0,,,,,,,,,,,,,,,,,,,,,,,,,,,,,,,,,,,,,,,,,,,,,,,,,,,,,,,,,,,,,,,,,,,,,
S98,4.0,1000004.0,20.0,0.5,0.5,23400.0,0.5726386497494477,25.93774717017004,782.9640234096323,14339.882400889952,185783.0,20.0,185803.0,185757.0,28578.0,28585.076923076926,1215.6349999999995,187.02076923076916,6.544221752073943,-1.0,-0.09568560444254592,0.0,0.0,7.986482520403747e-07,0.0,0.0,0.0,-0.29905832147937417,1.5306065082550049,0.0,0.0,0.0,0.0,0.0,0.0,0.0,0.0,0.0,0.0,,,,,,,,,,,,,,,,,,,,,,,,,,,,,,,,,,,,,,,,,,,,,,,,,,,,,,,,,,,,,,,,,,,,,
S99,4.0,1000004.0,20.0,0.5,1.0,23400.0,0.6513385096302275,24.353319418827596,660.1087920788457,10276.84867191754,185695.0,20.0,185715.0,185713.0,28571.23076923077,28571.538461538465,1250.3878124999987,192.36735576923058,6.732904064335823,10.0,0.29090132422041864,0.0,0.0,1.0107121649564728e-06,0.0,0.0,0.0,-0.3756425369198307,1.3085658550262451,0.0,0.0,0.0,0.0,0.0,0.0,0.0,0.0,0.0,0.0,,,,,,,,,,,,,,,,,,,,,,,,,,,,,,,,,,,,,,,,,,,,,,,,,,,,,,,,,,,,,,,,,,,,,
S100,4.0,1000004.0,20.0,0.5,2.0,23400.0,0.6979422067589711,22.740237930469448,587.0663789213027,9054.42519505661,185691.0,20.0,185711.0,185711.0,28570.923076923078,28570.923076923078,470.8949999999985,72.44538461538438,2.5356333227433945,14.0,-0.21657411362665527,0.0,0.0,1.2601393315394362e-06,0.0,0.0,0.0,-0.38314555921052584,0.9729719161987305,0.0,0.0,0.0,0.0,0.0,0.0,0.0,0.0,0.0,0.0,,,,,,,,,,,,,,,,,,,,,,,,,,,,,,,,,,,,,,,,,,,,,,,,,,,,,,,,,,,,,,,,,,,,,
S101,4.0,1000004.0,30.0,0.05,0.1,23400.0,3.7974641686655395,26.54614903872789,696.5782063825892,10583.873118862191,279539.0,20.0,279559.0,279060.0,42932.307692307695,43009.07692307692,590.2881249999741,90.81355769230372,2.1152731491434604,-11.0,-8.595899188381035,0.0,0.0,4.423915149369905e-05,0.0,0.0,0.0,0.1262454379562106,1.342494249343872,0.0,0.0,0.0,0.0,0.0,0.0,0.0,0.0,0.0,0.0,,,,,,,,,,,,,,,,,,,,,,,,,,,,,,,,,,,,,,,,,,,,,,,,,,,,,,,,,,,,,,,,,,,,,
S102,4.0,1000004.0,30.0,0.05,0.25,23400.0,3.8570066883178575,26.67270366595767,709.4572621368173,10905.720177006346,279449.0,20.0,279469.0,279015.0,42925.38461538462,42995.23076923077,1173.321874999992,180.51105769230645,4.205228661541465,-20.0,-10.36736437419906,0.0,0.0,4.373282698748411e-05,0.0,0.0,0.0,-0.03547125878073251,1.2209162712097168,0.0,0.0,0.0,0.0,0.0,0.0,0.0,0.0,0.0,0.0,,,,,,,,,,,,,,,,,,,,,,,,,,,,,,,,,,,,,,,,,,,,,,,,,,,,,,,,,,,,,,,,,,,,,
S103,4.0,1000004.0,30.0,0.05,0.5,23400.0,4.009206715926093,26.384173171874863,752.6938238388589,11391.971512495493,279373.0,20.0,279393.0,278977.0,42919.53846153846,42983.53846153846,2096.640625000008,322.56009615384744,7.515460503912538,-24.0,-16.263135412217,0.0,0.0,4.4881730249422644e-05,4.0,1.0,0.25,-0.2867219299623118,1.358851432800293,0.0,1.0,0.0,0.0,0.0,0.0,3.0,0.0,0.0,0.0,,,,,,,,,,,,,,,,,,,,,,,,,,,,,,,,,,,,,,,,,,,,,,,,,,,,,,,,,,,,,,,,,,,,,
S104,4.0,1000004.0,30.0,0.05,1.0,23400.0,4.2207549962001565,26.778090616371287,729.076025517666,10686.315950265933,279069.0,20.0,279089.0,278825.0,42896.15384615385,42936.769230769234,3837.584999999999,590.3976923076922,13.763417914462472,-11.0,-6.227253310551046,0.0,0.0,4.0274158429239773e-05,0.0,0.0,0.0,-0.7536135999874467,1.8077306747436523,0.0,0.0,0.0,0.0,0.0,0.0,0.0,0.0,0.0,0.0,,,,,,,,,,,,,,,,,,,,,,,,,,,,,,,,,,,,,,,,,,,,,,,,,,,,,,,,,,,,,,,,,,,,,
S105,4.0,1000004.0,30.0,0.05,2.0,23400.0,4.753536362718788,26.280795102617958,817.7800139683243,12803.377381937953,278859.0,20.0,278879.0,278720.0,42880.0,42904.46153846154,7299.415624999994,1122.9870192307685,26.18906294847874,-7.0,0.9641178983340453,0.0,0.0,4.0977953715084416e-05,0.0,0.0,0.0,-1.670650225620456,1.2845721244812012,0.0,0.0,0.0,0.0,0.0,0.0,0.0,0.0,0.0,0.0,,,,,,,,,,,,,,,,,,,,,,,,,,,,,,,,,,,,,,,,,,,,,,,,,,,,,,,,,,,,,,,,,,,,,
S106,4.0,1000004.0,30.0,0.1,0.1,23400.0,1.92914257130643,26.23960218405773,715.5195481714021,11156.661022668453,279509.0,20.0,279529.0,279045.0,42930.0,43004.46153846154,446.84656249998443,68.7456249999976,1.6013423014208619,-8.0,-4.692439128577531,0.0,0.0,1.4469212160768647e-05,4.0,1.0,0.25,0.01411605120785732,1.2023394107818604,0.0,0.0,0.0,0.0,1.0,0.0,0.0,0.0,0.0,3.0,,,,,,,,,,,,,,,,,,,,,,,,,,,,,,,,,,,,,,,,,,,,,,,,,,,,,,,,,,,,,,,,,,,,,
S107,4.0,1000004.0,30.0,0.1,0.25,23400.0,2.0363191987080533,26.440465615360154,781.9131496381234,11752.164983894087,279453.0,20.0,279473.0,279017.0,42925.69230769231,42995.846153846156,976.4143750000044,150.21759615384684,3.4994798704021775,-11.0,-9.269970098248612,0.0,0.0,1.527782148838147e-05,4.0,1.0,0.25,-0.14134330345951354,1.5338592529296875,0.0,0.0,0.0,0.0,1.0,0.0,0.0,0.0,0.0,3.0,,,,,,,,,,,,,,,,,,,,,,,,,,,,,,,,,,,,,,,,,,,,,,,,,,,,,,,,,,,,,,,,,,,,,
S108,4.0,1000004.0,30.0,0.1,0.5,23400.0,2.117164099793383,26.384173171874863,651.3345294160603,9339.223691026687,279049.0,20.0,279069.0,278815.0,42894.61538461539,42933.69230769231,1929.4662500000036,296.8409615384621,6.92023833007551,-9.0,-5.2422041862451945,0.0,0.0,1.3667786237713457e-05,0.0,0.0,0.0,-0.3743832298720844,1.31382155418396,0.0,0.0,0.0,0.0,0.0,0.0,0.0,0.0,0.0,0.0,,,,,,,,,,,,,,,,,,,,,,,,,,,,,,,,,,,,,,,,,,,,,,,,,,,,,,,,,,,,,,,,,,,,,
S109,4.0,1000004.0,30.0,0.1,1.0,23400.0,2.372463122224333,26.55020586741557,816.9082387738762,12469.313349169894,278873.0,20.0,278893.0,278727.0,42881.07692307692,42906.61538461539,3556.4606249999997,547.1477884615384,12.7596559536751,-10.0,-0.26142674070909866,0.0,0.0,1.317710166347794e-05,0.0,0.0,0.0,-0.8083282350905889,1.4435679912567139,0.0,0.0,0.0,0.0,0.0,0.0,0.0,0.0,0.0,0.0,,,,,,,,,,,,,,,,,,,,,,,,,,,,,,,,,,,,,,,,,,,,,,,,,,,,,,,,,,,,,,,,,,,,,
S110,4.0,1000004.0,30.0,0.1,2.0,23400.0,2.7834865157515374,25.81867781784058,756.1077999485183,12687.450945022945,278671.0,20.0,278691.0,278626.0,42865.53846153846,42875.53846153846,6173.753906250001,949.808293269231,22.157852843058443,2.0,0.5130286202477574,0.0,0.0,1.5005745437307616e-05,0.0,0.0,0.0,-1.4347107539164488,1.2088563442230225,0.0,0.0,0.0,0.0,0.0,0.0,0.0,0.0,0.0,0.0,,,,,,,,,,,,,,,,,,,,,,,,,,,,,,,,,,,,,,,,,,,,,,,,,,,,,,,,,,,,,,,,,,,,,
S111,4.0,1000004.0,30.0,0.2,0.1,23400.0,0.9974634858812043,26.778090616371287,741.508909433311,10730.76240109177,279529.0,20.0,279549.0,279055.0,42931.53846153846,43007.53846153846,378.9412499999798,58.29865384615074,1.357944670405403,-2.0,-1.6847501067919692,0.0,0.0,4.293580215090144e-06,0.0,0.0,0.0,-0.060460259845457706,1.5220293998718262,0.0,0.0,0.0,0.0,0.0,0.0,0.0,0.0,0.0,0.0,,,,,,,,,,,,,,,,,,,,,,,,,,,,,,,,,,,,,,,,,,,,,,,,,,,,,,,,,,,,,,,,,,,,,
S112,4.0,1000004.0,30.0,0.2,0.25,23400.0,1.0674628179400096,26.572684088045207,776.1007758289735,12107.486219794377,279211.0,20.0,279231.0,278896.0,42907.07692307692,42958.61538461539,918.4087499999971,141.2936538461534,3.2930151382594124,-4.0,-4.610422896198206,0.0,0.0,4.308091363613249e-06,0.0,0.0,0.0,-0.1895858631697546,1.5237326622009277,0.0,0.0,0.0,0.0,0.0,0.0,0.0,0.0,0.0,0.0,,,,,,,,,,,,,,,,,,,,,,,,,,,,,,,,,,,,,,,,,,,,,,,,,,,,,,,,,,,,,,,,,,,,,
S113,4.0,1000004.0,30.0,0.2,0.5,23400.0,1.184511727563113,26.55020586741557,820.5249670957237,13514.970209571873,278867.0,20.0,278887.0,278724.0,42880.61538461539,42905.69230769231,1800.530625000003,277.004711538462,6.4599052288285295,-8.0,0.24562152926099956,0.0,0.0,3.850687405031663e-06,0.0,0.0,0.0,-0.41185205200501246,1.3067643642425537,0.0,0.0,0.0,0.0,0.0,0.0,0.0,0.0,0.0,0.0,,,,,,,,,,,,,,,,,,,,,,,,,,,,,,,,,,,,,,,,,,,,,,,,,,,,,,,,,,,,,,,,,,,,,
S114,4.0,1000004.0,30.0,0.2,1.0,23400.0,1.380258315125751,26.00227647219799,791.8679445438676,14138.930293986241,278675.0,20.0,278695.0,278628.0,42865.846153846156,42876.15384615385,2972.3471874999973,457.2841826923073,10.667797879251179,-6.0,0.49038872276804785,0.0,0.0,4.212398931979451e-06,0.0,0.0,0.0,-0.6992796061370878,1.4372751712799072,0.0,0.0,0.0,0.0,0.0,0.0,0.0,0.0,0.0,0.0,,,,,,,,,,,,,,,,,,,,,,,,,,,,,,,,,,,,,,,,,,,,,,,,,,,,,,,,,,,,,,,,,,,,,
S115,4.0,1000004.0,30.0,0.2,2.0,23400.0,1.587316687249151,24.380107324090204,668.4749254440344,11286.09656337688,278543.0,20.0,278563.0,278562.0,42855.69230769231,42855.846153846156,3471.236874999998,534.036442307692,12.461272086644977,18.0,-0.01751388295600171,0.0,0.0,5.496718806807563e-06,0.0,0.0,0.0,-0.9478276137980086,1.2708079814910889,0.0,0.0,0.0,0.0,0.0,0.0,0.0,0.0,0.0,0.0,,,,,,,,,,,,,,,,,,,,,,,,,,,,,,,,,,,,,,,,,,,,,,,,,,,,,,,,,,,,,,,,,,,,,
S116,4.0,1000004.0,30.0,0.3,0.1,23400.0,0.6904011654831707,26.093113130560596,667.506317338709,9571.626569273276,279673.0,20.0,279693.0,279127.0,42942.61538461539,43029.69230769231,368.1099999999799,56.6323076923046,1.318790371407925,-4.0,-1.8961982058949167,0.0,0.0,2.1263341762498008e-06,9.0,1.0,0.1111111111111111,-0.07173414179103853,1.5917236804962158,0.0,0.0,1.0,0.0,0.0,0.0,8.0,0.0,0.0,0.0,,,,,,,,,,,,,,,,,,,,,,,,,,,,,,,,,,,,,,,,,,,,,,,,,,,,,,,,,,,,,,,,,,,,,
S117,4.0,1000004.0,30.0,0.3,0.25,23400.0,0.7468263590376898,28.28083602811421,854.4105045308163,14099.3629596075,279115.0,20.0,279135.0,278848.0,42899.69230769231,42943.846153846156,869.8700000000013,133.82615384615406,3.119513139775079,-2.0,0.43656557026911574,0.0,0.0,1.8767625336474863e-06,0.0,0.0,0.0,-0.2001504279959718,1.4791054725646973,0.0,0.0,0.0,0.0,0.0,0.0,0.0,0.0,0.0,0.0,,,,,,,,,,,,,,,,,,,,,,,,,,,,,,,,,,,,,,,,,,,,,,,,,,,,,,,,,,,,,,,,,,,,,
S118,4.0,1000004.0,30.0,0.3,0.5,23400.0,0.8546210101645808,26.23291829495429,831.0990241810346,14801.281742948067,278745.0,20.0,278765.0,278663.0,42871.23076923077,42886.92307692308,1597.2168750000005,245.72567307692316,5.731714920890109,-1.0,0.7069628363947031,0.0,0.0,1.930753581138253e-06,0.0,0.0,0.0,-0.37646292617277627,1.440011978149414,0.0,0.0,0.0,0.0,0.0,0.0,0.0,0.0,0.0,0.0,,,,,,,,,,,,,,,,,,,,,,,,,,,,,,,,,,,,,,,,,,,,,,,,,,,,,,,,,,,,,,,,,,,,,
S119,4.0,1000004.0,30.0,0.3,1.0,23400.0,1.004805309984088,25.36806988076387,676.9812073939894,10838.826061913225,278619.0,20.0,278639.0,278600.0,42861.53846153846,42867.53846153846,2243.621249999998,345.1724999999997,8.05319903086862,6.0,0.29944468175993166,0.0,0.0,2.270890771913334e-06,0.0,0.0,0.0,-0.5630136472705456,2.0351243019104004,0.0,0.0,0.0,0.0,0.0,0.0,0.0,0.0,0.0,0.0,,,,,,,,,,,,,,,,,,,,,,,,,,,,,,,,,,,,,,,,,,,,,,,,,,,,,,,,,,,,,,,,,,,,,
S120,4.0,1000004.0,30.0,0.3,2.0,23400.0,1.1187928372954614,23.296371333381103,610.6999092704484,9649.973436115231,278541.0,20.0,278561.0,278561.0,42855.53846153846,42855.53846153846,1993.274374999996,306.6575961538456,7.155611787005346,9.0,0.32592909013242205,0.0,0.0,2.9703609181971574e-06,0.0,0.0,0.0,-0.6576540561622466,1.640535831451416,0.0,0.0,0.0,0.0,0.0,0.0,0.0,0.0,0.0,0.0,,,,,,,,,,,,,,,,,,,,,,,,,,,,,,,,,,,,,,,,,,,,,,,,,,,,,,,,,,,,,,,,,,,,,
S121,4.0,1000004.0,30.0,0.5,0.1,23400.0,0.4301063436601958,27.151814450218808,842.07825617444,12505.915578849941,279723.0,20.0,279743.0,279152.0,42946.46153846154,43037.38461538462,342.6090624999783,52.7090865384582,1.227320823422287,0.0,0.21999145664246048,0.0,0.0,7.644471607950087e-07,0.0,0.0,0.0,-0.08164305294485613,1.397820234298706,0.0,0.0,0.0,0.0,0.0,0.0,0.0,0.0,0.0,0.0,,,,,,,,,,,,,,,,,,,,,,,,,,,,,,,,,,,,,,,,,,,,,,,,,,,,,,,,,,,,,,,,,,,,,
S122,4.0,1000004.0,30.0,0.5,0.25,23400.0,0.48600658738452046,27.5084370804052,797.6552055188539,12016.954230205807,278883.0,20.0,278903.0,278732.0,42881.846153846156,42908.15384615385,776.9900000000015,119.53692307692332,2.787588077436396,-3.0,0.1644596326356258,0.0,0.0,7.11942389149885e-07,0.0,0.0,0.0,-0.18748080645161277,1.3406705856323242,0.0,0.0,0.0,0.0,0.0,0.0,0.0,0.0,0.0,0.0,,,,,,,,,,,,,,,,,,,,,,,,,,,,,,,,,,,,,,,,,,,,,,,,,,,,,,,,,,,,,,,,,,,,,
S123,4.0,1000004.0,30.0,0.5,0.5,23400.0,0.570563579096112,26.271385613826027,793.1989466540911,14610.525837097159,278723.0,20.0,278743.0,278652.0,42869.53846153846,42883.53846153846,1198.5800000000008,184.39692307692323,4.3013507887974995,6.0,0.019649722340879965,0.0,0.0,7.922435590428239e-07,0.0,0.0,0.0,-0.3072451785714283,1.7990684509277344,0.0,0.0,0.0,0.0,0.0,0.0,0.0,0.0,0.0,0.0,,,,,,,,,,,,,,,,,,,,,,,,,,,,,,,,,,,,,,,,,,,,,,,,,,,,,,,,,,,,,,,,,,,,,
S124,4.0,1000004.0,30.0,0.5,1.0,23400.0,0.6510703238178923,24.354713901379,659.5918908470451,10156.471595738667,278543.0,20.0,278563.0,278562.0,42855.69230769231,42855.846153846156,1241.710312499999,191.03235576923063,4.457572506300209,18.0,0.36437419906023066,0.0,0.0,1.011337099717869e-06,0.0,0.0,0.0,-0.3699854254201675,1.276197910308838,0.0,0.0,0.0,0.0,0.0,0.0,0.0,0.0,0.0,0.0,,,,,,,,,,,,,,,,,,,,,,,,,,,,,,,,,,,,,,,,,,,,,,,,,,,,,,,,,,,,,,,,,,,,,
S125,4.0,1000004.0,30.0,0.5,2.0,23400.0,0.6979422067589711,22.73381869606783,587.0317262075265,9054.42519505661,278541.0,20.0,278561.0,278561.0,42855.53846153846,42855.53846153846,470.8949999999985,72.44538461538438,1.6904555914144423,14.0,-0.21657411362665527,0.0,0.0,1.2601393315394362e-06,0.0,0.0,0.0,-0.38314555921052584,1.8304893970489502,0.0,0.0,0.0,0.0,0.0,0.0,0.0,0.0,0.0,0.0,,,,,,,,,,,,,,,,,,,,,,,,,,,,,,,,,,,,,,,,,,,,,,,,,,,,,,,,,,,,,,,,,,,,,
