Scenario,order_size_mean,limit_price_decay_rate,mm_base_spread,n_rep,avg_spread_mean,avg_spread_CI95_lower,avg_spread_CI95_upper,price_volatility_mean,price_volatility_CI95_lower,price_volatility_CI95_upper,depth_within_5_ticks_mean,depth_within_5_ticks_CI95_lower,depth_within_5_ticks_CI95_upper,mm_final_pnl_per_1k_trades_mean,mm_final_pnl_per_1k_trades_CI95_lower,mm_final_pnl_per_1k_trades_CI95_upper,mm_final_inventory_mean,mm_final_inventory_CI95_lower,mm_final_inventory_CI95_upper,mm_realized_spread_mean,mm_realized_spread_CI95_lower,mm_realized_spread_CI95_upper
S1,1.0,0.05,0.1,5,2.9808228934578604,2.918428765735701,3.04321702118002,2.552016781917964e-05,1.945425161531314e-05,3.1586084023046135e-05,0.0,0.0,0.0,39.778184613329685,29.38146618031745,50.174903046341925,4.0,-8.478568745171525,16.478568745171525,0.142575997935202,0.123119206279432,0.1620327895909719
S10,1.0,0.1,2.0,5,2.467972118858005,2.4471987303451286,2.488745507370881,8.497786084147431e-06,7.90692899417345e-06,9.088643174121413e-06,0.0,0.0,0.0,506.85015675109946,497.56094684857896,516.13936665362,-1.8,-5.131734126237358,1.5317341262373585,-1.322723406590297,-1.334842843335025,-1.3106039698455692
S100,20.0,0.5,2.0,5,0.6907397371381971,0.677879562905731,0.7035999113706632,1.116070510938784e-06,1.0079486165053683e-06,1.2241924053721991e-06,0.0,0.0,0.0,2.646390890607941,1.8625991620072917,3.4301826192085905,5.2,-7.260022435077757,17.660022435077757,-0.3852128466335449,-0.4117575054895221,-0.3586681877775676
S101,30.0,0.05,0.1,5,3.823375586406625,3.6600308912084345,3.986720281604815,3.919384925517756e-05,2.461834655703397e-05,5.376935195332115e-05,0.0,0.0,0.0,1.6444515759282996,0.4602604060270596,2.82864274582954,4.8,-14.938162039987825,24.538162039987824,0.0483481203415321,-0.0374793820479187,0.134175622730983
S102,30.0,0.05,0.25,5,3.8684429830829705,3.778282588450992,3.9586033777149487,3.825211343959604e-05,2.347849575982893e-05,5.302573111936315e-05,0.0,0.0,0.0,3.742071616112239,2.6077299607917848,4.8764132714326935,2.2,-22.0744517744726,26.474451774472595,-0.0849449255035746,-0.1240444551721604,-0.0458453958349887
S103,30.0,0.05,0.5,5,3.985196556512706,3.910545877298101,4.059847235727311,3.790166668273373e-05,2.4213495547279182e-05,5.158983781818829e-05,0.8,-1.4211560841582391,3.021156084158239,6.845942538629759,5.372974336609685,8.318910740649832,4.0,-18.928797486838658,26.928797486838658,-0.3136799606909558,-0.3364067626539515,-0.2909531587279601
S104,30.0,0.05,1.0,5,4.20890871636008,4.178108963827089,4.23970846889307,3.394121276016487e-05,2.126958860306896e-05,4.661283691726079e-05,0.0,0.0,0.0,13.347601214813494,12.329537433300471,14.365664996326515,2.2,-12.864613506787537,17.264613506787537,-0.7637058539815443,-0.7869924814194315,-0.7404192265436572
S105,30.0,0.05,2.0,5,4.733962163982156,4.661904953317042,4.80601937464727,3.2276156055096844e-05,1.915689265887428e-05,4.539541945131941e-05,0.0,0.0,0.0,25.634069712176377,24.691934580512854,26.5762048438399,-4.8,-9.874138586013448,0.2741385860134491,-1.6387455597540108,-1.6715529663724666,-1.605938153135555
S106,30.0,0.1,0.1,5,1.9541851327757973,1.8924415939667447,2.01592867158485,1.3481052918091824e-05,1.10715377614652e-05,1.5890568074718446e-05,0.8,-1.4211560841582391,3.021156084158239,1.3671518250651995,0.7619801022664907,1.9723235478639085,0.4,-13.773473527047903,14.573473527047904,-0.0399209218289061,-0.091030977021898,0.0111891333640857
S107,30.0,0.1,0.25,5,2.0054732181351422,1.9662197484469184,2.0447266878233665,1.297893037399322e-05,1.0308029263175276e-05,1.5649831484811164e-05,0.8,-1.4211560841582391,3.021156084158239,3.3616285068056526,2.897400969201574,3.8258560444097314,-0.4,-12.616358462870313,11.816358462870312,-0.1619881458384887,-0.1856237620191279,-0.1383525296578495
S108,30.0,0.1,0.5,5,2.1045555313756696,2.0821288112557177,2.1269822514956216,1.18718838525835e-05,9.365526143717867e-06,1.437824156144913e-05,0.0,0.0,0.0,6.466733228580547,5.795541463388634,7.13792499377246,0.4,-9.517779041044228,10.317779041044227,-0.3807962254748717,-0.4003353579528196,-0.3612570929969237
S109,30.0,0.1,1.0,5,2.355570331754662,2.3229760512390487,2.3881646122702755,1.101351594206043e-05,8.34140092649955e-06,1.368563095762131e-05,0.0,0.0,0.0,12.48941905894226,12.165345472320634,12.813492645563883,-4.0,-9.889729484432682,1.8897294844326813,-0.8070134111854893,-0.8243289783083538,-0.7896978440626248
S11,1.0,0.2,0.1,5,0.7981140236614047,0.7860241123759476,0.8102039349468618,1.726512579990017e-06,1.605346558357366e-06,1.847678601622668e-06,0.0,0.0,0.0,34.63321257947284,31.901751519190483,37.3646736397552,1.6,-2.9282449296598707,6.128244929659871,-0.0456121350975811,-0.0478690869249646,-0.0433551832701976
S110,30.0,0.1,2.0,5,2.7583903398044187,2.720410123039962,2.7963705565688755,1.2197314472885497e-05,8.84654692406939e-06,1.55480820217016e-05,0.0,0.0,0.0,21.58325227198016,20.921297214507305,22.24520732945301,-2.0,-8.511340938852188,4.511340938852188,-1.4320246810560855,-1.4401935368663294,-1.423855825245842
S111,30.0,0.2,0.1,5,1.0009635390061309,0.983618193583556,1.0183088844287058,4.0731851199190665e-06,3.7115497060763673e-06,4.434820533761766e-06,0.0,0.0,0.0,1.2563293488465803,1.0874969204871563,1.4251617772060046,1.8,-4.555573340950958,8.155573340950959,-0.071848608391839,-0.0871165315325357,-0.0565806852511424
S112,30.0,0.2,0.25,5,1.0583513967447458,1.0473679885519205,1.069334804937571,3.816228304352505e-06,3.315865912056971e-06,4.316590696648039e-06,0.0,0.0,0.0,3.0963083841282497,2.8178467558225035,3.374770012433996,0.0,-4.808943986628504,4.808943986628504,-0.1911100199543134,-0.2008730438068813,-0.1813469961017456
S113,30.0,0.2,0.5,5,1.168877518368515,1.148821717680486,1.188933319056544,3.439426315428746e-06,2.949090030084044e-06,3.929762600773448e-06,0.0,0.0,0.0,6.056846149457742,5.766710393360551,6.346981905554934,-3.8,-8.311189332598088,0.7111893325980887,-0.3952995262445813,-0.4084501258697338,-0.3821489266194288
S114,30.0,0.2,1.0,5,1.3689680519130083,1.3506283611553411,1.387307742670676,3.690476687306661e-06,3.1205030308032094e-06,4.260450343810113e-06,0.0,0.0,0.0,10.390278287128762,10.16770720472337,10.612849369534151,-0.6,-8.675590207013718,7.475590207013719,-0.6985503727895321,-0.7089593739827084,-0.6881413715963559
S115,30.0,0.2,2.0,5,1.57986669164933,1.5624560605241462,1.5972773227745138,4.777241154812447e-06,4.0350022810415305e-06,5.519480028583363e-06,0.0,0.0,0.0,12.735554964710124,12.148937699793144,13.322172229627103,2.0,-12.453523623704765,16.453523623704765,-0.9468243903554028,-0.9618727663643812,-0.9317760143464244
S116,30.0,0.3,0.1,5,0.6873632748249953,0.6769776102606113,0.6977489393893792,2.0022011325707773e-06,1.8763344813379155e-06,2.128067783803639e-06,1.8,-3.197601189356037,6.797601189356037,1.1869302710188383,1.0399427490911588,1.3339177929465178,1.4,-6.183304673388708,8.983304673388709,-0.0804006399896604,-0.088912444355689,-0.0718888356236319
S117,30.0,0.3,0.25,5,0.741168451844296,0.7302240461350276,0.7521128575535645,1.7796967907455642e-06,1.6279168847270577e-06,1.931476696764071e-06,13.2,-23.44907538861094,49.84907538861094,2.9214554665522545,2.7030653621905745,3.1398455709139346,-0.2,-4.71118933259809,4.311189332598089,-0.1943699889082855,-0.1999631798514909,-0.18877679796508
S118,30.0,0.3,0.5,5,0.8494699148210726,0.8344491560327784,0.8644906736093668,1.700431695546153e-06,1.4839020156277078e-06,1.916961375464598e-06,0.0,0.0,0.0,5.480753545762687,5.250398552577875,5.7111085389474985,-2.6,-7.128244929659871,1.9282449296598707,-0.3722227395486287,-0.3797942730865665,-0.3646512060106909
S119,30.0,0.3,1.0,5,0.9952092568678652,0.98286683861261,1.0075516751231206,2.017499460173173e-06,1.7915541996335475e-06,2.243444720712799e-06,0.0,0.0,0.0,7.979743621737368,7.780817242926682,8.178670000548054,1.2,-3.8741385860134487,6.274138586013449,-0.5613009716843843,-0.5646235163330706,-0.557978427035698
S12,1.0,0.2,0.25,5,0.8489854604194637,0.8394384774928089,0.8585324433461184,1.3208756737783344e-06,1.1705105791659371e-06,1.4712407683907315e-06,0.0,0.0,0.0,86.91369759519037,84.64644510220278,89.18095008817797,0.6,-2.390322893890408,3.5903228938904084,-0.1867281530278529,-0.1896653453917456,-0.1837909606639602
S120,30.0,0.3,2.0,5,1.109680147434607,1.096805691339482,1.122554603529732,2.6355811492391936e-06,2.3379850960757875e-06,2.9331772024026e-06,0.0,0.0,0.0,6.969856957276788,6.585745299658723,7.353968614894852,4.0,-11.828172390416604,19.828172390416604,-0.6576949446759004,-0.668226961795837,-0.6471629275559638
S121,30.0,0.5,0.1,5,0.4296102853504725,0.42351865917432,0.435701911526625,7.507451425128521e-07,6.922832155503508e-07,8.092070694753534e-07,6.2,-11.013959652226356,23.413959652226357,1.1272062260610425,1.016543689474484,1.237868762647601,-0.2,-3.4139675707319967,3.0139675707319964,-0.0816908101428042,-0.0853577125526398,-0.0780239077329686
S122,30.0,0.5,0.25,5,0.4865415995143222,0.4788257263290458,0.4942574726995986,6.778757263609426e-07,6.1545476009745e-07,7.402966926244352e-07,0.0,0.0,0.0,2.6692179199360946,2.5602445358471337,2.7781913040250554,-0.8,-3.021156084158239,1.421156084158239,-0.1866004658536851,-0.1904436927528879,-0.1827572389544823
S123,30.0,0.5,0.5,5,0.5679471907594286,0.5621593992763029,0.5737349822425543,7.301679123814995e-07,6.696479814982055e-07,7.906878432647935e-07,0.0,0.0,0.0,4.1740738784232665,3.995836081725033,4.352311675121499,2.6,-0.977199284470116,6.177199284470117,-0.3022377384959019,-0.3067155051003847,-0.2977599718914192
S124,30.0,0.5,1.0,5,0.6471938493228017,0.6387718738450383,0.655615824800565,9.300753080508876e-07,8.598360492968282e-07,1.000314566804947e-06,0.0,0.0,0.0,4.387221838083569,4.197807703261464,4.576635972905674,2.2,-12.076436454604313,16.476436454604315,-0.3810633392369026,-0.390574320587422,-0.3715523578863832
S125,30.0,0.5,2.0,5,0.6908552880231,0.6779828571152718,0.7037277189309282,1.116439967757784e-06,1.0085295499277635e-06,1.2243503855878042e-06,0.0,0.0,0.0,1.7411352386963508,1.2229106943018817,2.25935978309082,3.0,-13.70488062461988,19.70488062461988,-0.3862894795102456,-0.411725277070447,-0.3608536819500443
S13,1.0,0.2,0.5,5,0.9981943818939591,0.9856074736553828,1.0107812901325357,1.2985606650877768e-06,1.2063504267442404e-06,1.3907709034313133e-06,0.0,0.0,0.0,162.35565307135138,158.2505564233918,166.46074971931097,0.6,-3.4805242839495416,4.680524283949541,-0.399235924605923,-0.4048321831191905,-0.3936396660926554
S14,1.0,0.2,1.0,5,1.229711552329638,1.2203668364880254,1.2390562681712507,2.174221438527145e-06,2.078432086599856e-06,2.270010790454434e-06,0.0,0.0,0.0,243.3126417278576,241.00186885436813,245.62341460134704,0.8,-3.1655568009096413,4.765556800909641,-0.6516701664347053,-0.6548704681022128,-0.6484698647671978
S15,1.0,0.2,2.0,5,1.4952498378231955,1.485954228261132,1.504545447385259,4.293600209544166e-06,4.052269644408418e-06,4.534930774679915e-06,0.0,0.0,0.0,255.7119335022458,250.9660764137164,260.45779059077523,5.2,-4.066840469278065,14.466840469278065,-0.8685620981802762,-0.8746993560675037,-0.8624248402930487
S16,1.0,0.3,0.1,5,0.5544961190761978,0.5458427893394274,0.5631494488129681,7.774193554064495e-07,7.466017825153468e-07,8.082369282975522e-07,0.4,-0.7105780420791198,1.51057804207912,32.99211644364485,31.28161827108661,34.70261461620309,0.8,-2.03142955396455,3.6314295539645496,-0.0615199747304406,-0.0640486730182498,-0.0589912764426314
S17,1.0,0.3,0.25,5,0.6156816956723734,0.6085174668487552,0.6228459244959916,5.940268278804691e-07,5.581047623331285e-07,6.299488934278097e-07,0.0,0.0,0.0,81.8947575149352,78.95295581735384,84.83655921251655,-0.8,-2.160174761316514,0.5601747613165138,-0.194724043975545,-0.1983816327243881,-0.1910664552267019
S18,1.0,0.3,0.5,5,0.7447094437829047,0.7380737850086496,0.7513451025571598,7.483335463946005e-07,7.208349708993889e-07,7.758321218898121e-07,0.0,0.0,0.0,136.06382196942576,132.77369304754578,139.35395089130574,0.2,-2.6314295539645496,3.03142955396455,-0.3563003731828039,-0.3588540386944791,-0.3537467076711287
S19,1.0,0.3,1.0,5,0.9123275954637527,0.904556880831998,0.9200983100955076,1.435036846089021e-06,1.3730427001601368e-06,1.497030992017905e-06,0.0,0.0,0.0,165.704845627436,163.88420435600045,167.52548689887152,3.8,-1.569389291059207,9.169389291059208,-0.5081517985557025,-0.5158909518274806,-0.5004126452839244
S2,1.0,0.05,0.25,5,3.043343420634936,2.990752486938628,3.095934354331244,2.431288112846369e-05,1.850453309499688e-05,3.01212291619305e-05,0.0,0.0,0.0,93.78278209642464,76.66091635083252,110.90464784201671,4.2,-6.128972859046882,14.52897285904688,-0.0159910554334428,-0.0362431933334945,0.0042610824666087
S20,1.0,0.3,2.0,5,1.0794416425578095,1.061107856563971,1.0977754285516477,2.5594203049200044e-06,2.347904458039454e-06,2.770936151800555e-06,0.0,0.0,0.0,140.98757463992857,134.2152603866568,147.75988889320033,4.2,-10.710311588145276,19.11031158814528,-0.6299026139469825,-0.6483983058302438,-0.6114069220637213
S21,1.0,0.5,0.1,5,0.3514395693811417,0.3455407315502199,0.3573384072120635,2.697900176280839e-07,2.479656455242103e-07,2.916143897319576e-07,0.4,-0.7105780420791198,1.51057804207912,31.1518036519907,29.780030339530462,32.52357696445093,-0.6,-2.015714776982275,0.8157147769822749,-0.0718741704005186,-0.073652500959717,-0.0700958398413202
S22,1.0,0.5,0.25,5,0.4193293894855318,0.4137170973401829,0.4249416816308806,2.514099254285966e-07,2.361185788629411e-07,2.667012719942521e-07,0.0,0.0,0.0,66.6775860736386,64.29994162007485,69.05523052720234,-0.6,-5.042312168316477,3.842312168316477,-0.1770925416920654,-0.1794167272489853,-0.1747683561351454
S23,1.0,0.5,0.5,5,0.5133189244641629,0.5110735932699783,0.5155642556583476,4.206111911300118e-07,4.105954950916523e-07,4.306268871683713e-07,0.0,0.0,0.0,89.12632928212233,88.22255244968542,90.03010611455923,3.2,0.2355678349333798,6.1644321650666205,-0.2714086849179908,-0.2742724355394721,-0.2685449342965096
S24,1.0,0.5,1.0,5,0.6200636963396386,0.612290936558927,0.6278364561203503,8.006672562028659e-07,7.642503417815249e-07,8.370841706242069e-07,0.0,0.0,0.0,87.73926765078261,85.53505629383038,89.94347900773484,4.0,-5.250188451386418,13.250188451386418,-0.3565077491740145,-0.3634739893484666,-0.3495415089995625
S25,1.0,0.5,2.0,5,0.6851541241643039,0.671891807042207,0.6984164412864008,1.1234291877693393e-06,1.0459144083626269e-06,1.2009439671760515e-06,0.0,0.0,0.0,37.779666649318365,29.867256612899247,45.69207668573748,3.6,-15.304308886920916,22.50430888692092,-0.3775175280324078,-0.4006880393033859,-0.3543470167614296
S26,5.0,0.05,0.1,5,3.7508267877456687,3.619902302990168,3.8817512725011696,4.9320830172919e-05,3.6399303384121565e-05,6.224235696171643e-05,0.0,0.0,0.0,10.708698253712017,4.12004817707032,17.297348330353714,1.6,-17.486924245987783,20.686924245987782,0.0565786510891638,-0.0109660209279252,0.1241233231062529
S27,5.0,0.05,0.25,5,3.819743227243842,3.7259285100456583,3.913557944442025,4.756027947554663e-05,3.703675960326489e-05,5.8083799347828366e-05,0.0,0.0,0.0,22.282133180180768,14.331342282549825,30.232924077811717,5.6,-17.77166567310617,28.97166567310617,-0.0810198121495306,-0.1207271427216008,-0.0413124815774605
S28,5.0,0.05,0.5,5,3.929704286766077,3.838363252972152,4.0210453205600025,4.596809974827115e-05,3.740706374059672e-05,5.452913575594558e-05,0.0,0.0,0.0,40.42790700619382,31.852759293815044,49.0030547185726,3.2,-17.80578440443015,24.205784404430148,-0.3056493991109917,-0.3435844547905201,-0.2677143434314634
S29,5.0,0.05,1.0,5,4.139894198325753,4.100388464403232,4.179399932248274,4.1119027200099226e-05,3.123073585806399e-05,5.1007318542134464e-05,0.0,0.0,0.0,81.20017214056325,75.65762781558797,86.74271646553854,0.6,-16.11871871669989,17.318718716699895,-0.7705977674381083,-0.7837849358967813,-0.7574105989794352
S3,1.0,0.05,0.5,5,3.1179613865605886,3.085835670881361,3.150087102239816,2.068568099156349e-05,1.779803163139237e-05,2.3573330351734608e-05,0.0,0.0,0.0,191.27499388826627,175.6882117312204,206.86177604531213,5.4,-1.0279351414639928,11.827935141463993,-0.2700239460474308,-0.2847545444201738,-0.2552933476746878
S30,5.0,0.05,2.0,5,4.652027434931762,4.584408208315155,4.719646661548369,3.916135154461649e-05,2.8740621948436098e-05,4.958208114079688e-05,0.0,0.0,0.0,151.90202186978007,147.8925528129019,155.91149092665825,-2.6,-5.458525190987028,0.2585251909870276,-1.6393399358616718,-1.666048292814359,-1.612631578908985
S31,5.0,0.1,0.1,5,1.939410507650018,1.8810926162395192,1.997728399060517,1.547353831031801e-05,1.372117929350847e-05,1.722589732712755e-05,0.0,0.0,0.0,8.65852989937912,4.704041539693858,12.613018259064384,2.4,-10.491797330943893,15.291797330943892,-0.0491105421212015,-0.1015459539247225,0.0033248696823194
S32,5.0,0.1,0.25,5,1.9833024268983444,1.9374407587340727,2.0291640950626157,1.4703778592792516e-05,1.2927266433117722e-05,1.6480290752467307e-05,0.0,0.0,0.0,19.26176689623502,15.444846474144848,23.07868731832519,2.6,-15.147544440573876,20.34754444057388,-0.1694325461142405,-0.1931972699100547,-0.1456678223184263
S33,5.0,0.1,0.5,5,2.072773661232528,2.0596541803267696,2.0858931421382865,1.3102324467772384e-05,1.0752709921693996e-05,1.5451939013850774e-05,0.0,0.0,0.0,38.68950174535341,36.45343351846255,40.92556997224428,-0.6,-11.795651257724804,10.595651257724803,-0.3777144821222966,-0.3884039470683421,-0.3670250171762511
S34,5.0,0.1,1.0,5,2.323724259364696,2.2951750567847005,2.3522734619446912,1.2083078182238904e-05,1.0198671775522416e-05,1.3967484588955392e-05,0.0,0.0,0.0,74.77062741216514,71.81809147586087,77.72316334846941,-0.8,-9.14782442894425,7.54782442894425,-0.8127334455821517,-0.8304723410138872,-0.7949945501504161
S35,5.0,0.1,2.0,5,2.721260545823083,2.693840049756337,2.748681041889829,1.3235173380637234e-05,1.12046512079881e-05,1.5265695553286368e-05,0.0,0.0,0.0,126.87906810972147,123.75316075501829,130.00497546442472,1.2,-7.727900892444329,10.127900892444329,-1.4194007923172016,-1.4364124494341397,-1.4023891352002635
S36,5.0,0.2,0.1,5,0.9898761514425536,0.9715577623235468,1.0081945405615609,4.229545940639719e-06,3.754509291816078e-06,4.70458258946336e-06,0.0,0.0,0.0,7.438913416841407,6.629153851969445,8.24867298171337,1.6,-2.8423121683164774,6.042312168316478,-0.0723515947542588,-0.0917766729005251,-0.0529265166079926
S37,5.0,0.2,0.25,5,1.0419054891973492,1.0292978817331797,1.0545130966615186,3.907050251729474e-06,3.448290822149132e-06,4.365809681309817e-06,0.0,0.0,0.0,18.5613375984057,17.337820496118653,19.784854700692748,-1.4,-6.095394725411879,3.2953947254118785,-0.1905046029935164,-0.2007037039543246,-0.1803055020327082
S38,5.0,0.2,0.5,5,1.1583406430703902,1.1404052115808885,1.176276074559892,3.49010034665809e-06,3.0809868989866785e-06,3.8992137943295015e-06,0.0,0.0,0.0,36.42482429263755,35.411742443164094,37.43790614211101,-2.4,-7.095394725411879,2.2953947254118794,-0.3976713209517456,-0.4064918601797407,-0.3888507817237505
S39,5.0,0.2,1.0,5,1.351398640636568,1.3332250857641943,1.3695721955089413,3.703134134217347e-06,3.408216964261724e-06,3.99805130417297e-06,0.0,0.0,0.0,60.777224504531695,58.267194584180885,63.287254424882505,0.2,-3.355584589398764,3.755584589398764,-0.6930490711210924,-0.70472047327765,-0.6813776689645348
S4,1.0,0.05,1.0,5,3.4040018214616268,3.371720804824772,3.4362828380984816,1.7412744251614353e-05,1.502226105518072e-05,1.9803227448047985e-05,0.0,0.0,0.0,374.29106311154254,355.21167922904334,393.37044699404174,0.8,-7.865000051471562,9.465000051471565,-0.7723325831813546,-0.7916632420510608,-0.7530019243116484
S40,5.0,0.2,2.0,5,1.5671639546156375,1.5492065374512454,1.58512137178003,4.960360641748434e-06,4.594942493661577e-06,5.3257787898352905e-06,0.0,0.0,0.0,73.80471979063685,71.12767603416508,76.48176354710863,1.2,-7.813830696753942,10.21383069675394,-0.9258596984304456,-0.9395867927734866,-0.9121326040874046
S41,5.0,0.3,0.1,5,0.6757703734308074,0.6603403652461912,0.6912003816154235,1.945268005363558e-06,1.7606138065891436e-06,2.129922204137973e-06,0.0,0.0,0.0,7.440568928827931,6.281066246650785,8.600071611005077,1.0,-1.3229406353851942,3.3229406353851942,-0.0784035757764762,-0.0861910033193959,-0.0706161482335566
S42,5.0,0.3,0.25,5,0.7328015444730432,0.7241501253297782,0.7414529636163083,1.713436265033463e-06,1.582365881679002e-06,1.844506648387924e-06,3.0,-2.267934198510506,8.267934198510506,17.984428892418343,17.051455298645564,18.91740248619112,-1.8,-5.245477765151343,1.6454777651513437,-0.1961833280262327,-0.2021767831900902,-0.1901898728623753
S43,5.0,0.3,0.5,5,0.8387611976004775,0.8262349982422933,0.8512873969586617,1.6450677598542232e-06,1.547019983298815e-06,1.7431155364096314e-06,0.0,0.0,0.0,32.42762348775922,31.33489877226275,33.52034820325569,-1.8,-5.245477765151343,1.6454777651513437,-0.3691879853391339,-0.3730037519455927,-0.3653722187326751
S44,5.0,0.3,1.0,5,0.9844909305399416,0.9686858098159636,1.0002960512639194,1.994361152610904e-06,1.8716917532321445e-06,2.1170305519896638e-06,0.0,0.0,0.0,46.35148371722899,44.38262490274808,48.32034253170989,0.8,-4.197601189356039,5.797601189356039,-0.5583877922581215,-0.5696392882292656,-0.5471362962869775
S45,5.0,0.3,2.0,5,1.1030236460300602,1.089085219233485,1.1169620728266354,2.687195751976157e-06,2.545713592300129e-06,2.828677911652185e-06,0.0,0.0,0.0,40.02438392014734,37.8080009537827,42.24076688651199,2.4,-6.184559939566521,10.98455993956652,-0.6527843503584887,-0.6752884377260933,-0.6302802629908841
S46,5.0,0.5,0.1,5,0.4246272689405426,0.4198233055775962,0.4294312323034891,7.319157867142752e-07,7.011135445594043e-07,7.62718028869146e-07,4.0,-7.105780420791195,15.105780420791197,6.938515686320346,6.363249604256264,7.513781768384428,-1.0,-2.2416639982037667,0.2416639982037665,-0.0820011092158454,-0.0848223659443354,-0.0791798524873554
S47,5.0,0.5,0.25,5,0.4815217871293259,0.4732100143858846,0.4898335598727672,6.353059693857328e-07,6.013453562007106e-07,6.69266582570755e-07,0.0,0.0,0.0,16.059072037207862,15.44444391763844,16.673700156777286,-1.8,-5.462382628097132,1.862382628097132,-0.1882183955951467,-0.19007470735607,-0.1863620838342233
S48,5.0,0.5,0.5,5,0.5628089103587148,0.5571124649507735,0.5685053557666562,6.92965638824432e-07,6.590154701794739e-07,7.269158074693902e-07,0.0,0.0,0.0,24.50390062770487,23.598044287520743,25.409756967888995,-2.4,-7.095394725411879,2.2953947254118785,-0.2974548696964634,-0.3042178370003096,-0.2906919023926171
S49,5.0,0.5,1.0,5,0.6446809755113077,0.6382392862255574,0.6511226647970579,9.212181471406302e-07,8.842626437572569e-07,9.581736505240033e-07,0.0,0.0,0.0,25.15954694117659,24.387789951737027,25.931303930616156,3.2,-3.1555733409509577,9.555573340950955,-0.376061472045453,-0.3830982334488236,-0.3690247106420824
S5,1.0,0.05,2.0,5,3.997318700826978,3.950172113493324,4.044465288160632,1.79477163823441e-05,1.550124294223476e-05,2.039418982245344e-05,0.0,0.0,0.0,689.170324423234,671.2205728937781,707.1200759526898,0.0,-6.391856642442563,6.391856642442563,-1.63612806148202,-1.6475023307240393,-1.6247537922400006
S50,5.0,0.5,2.0,5,0.6895537784888598,0.6768941125835495,0.7022134443941701,1.1206684765139147e-06,1.0716533026372462e-06,1.1696836503905832e-06,0.0,0.0,0.0,10.345357035956216,7.623511809687226,13.067202262225209,2.4,-16.76752816982271,21.567528169822708,-0.3949177110564023,-0.4178209714712294,-0.3720144506415751
S51,10.0,0.05,0.1,5,3.79558154847832,3.67060015335698,3.9205629435996583,4.646765432845393e-05,3.238987534107659e-05,6.054543331583127e-05,0.0,0.0,0.0,5.174857316207367,1.6318949301186372,8.717819702296097,3.2,-14.21430990847573,20.61430990847573,0.0517201406953062,-0.0200102343562713,0.1234505157468839
S52,10.0,0.05,0.25,5,3.8583578288102887,3.778690016322379,3.938025641298198,4.5610745543805e-05,3.269366017737203e-05,5.852783091023797e-05,0.0,0.0,0.0,11.295185150955612,7.627593532808218,14.962776769103009,2.0,-20.401628226173887,24.401628226173887,-0.0841392489086056,-0.1226043120640087,-0.0456741857532026
S53,10.0,0.05,0.5,5,3.981415240524031,3.901267281768969,4.061563199279092,4.495886226873968e-05,3.318640583267243e-05,5.6731318704806926e-05,0.0,0.0,0.0,20.33254869131662,15.684229749331015,24.980867633302225,5.0,-20.822432147617207,30.822432147617207,-0.3152859350782978,-0.3388899582245638,-0.2916819119320317
S54,10.0,0.05,1.0,5,4.194117635010143,4.146834743916597,4.241400526103688,4.0584157883036095e-05,2.6894295739544057e-05,5.427402002652813e-05,0.0,0.0,0.0,39.89073092295472,37.11468049711841,42.66678134879103,1.8,-11.642123923540677,15.242123923540676,-0.7566611465964387,-0.7816396940348358,-0.7316825991580416
S55,10.0,0.05,2.0,5,4.71739554002946,4.6449612637169055,4.789829816342015,3.833896862634706e-05,2.6227420060982903e-05,5.045051719171121e-05,0.0,0.0,0.0,77.04954995003655,74.30770616989989,79.79139373017321,-1.2,-7.4946364271488175,5.094636427148817,-1.653181456594681,-1.6815409772791434,-1.6248219359102185
S56,10.0,0.1,0.1,5,1.9484659866444891,1.8884404877821408,2.008491485506838,1.4981513177530245e-05,1.26903229139614e-05,1.727270344109909e-05,0.0,0.0,0.0,3.930682098987326,1.8956466958968967,5.965717502077755,4.0,-8.197413465485726,16.197413465485724,-0.0485020548939543,-0.0944465084509827,-0.002557601336926
S57,10.0,0.1,0.25,5,1.991351711292564,1.9598887579434745,2.022814664641653,1.4169612584996915e-05,1.1464717990833116e-05,1.6874507179160718e-05,0.0,0.0,0.0,10.039247473463556,8.591087638557266,11.487407308369846,0.4,-13.746253464423363,14.546253464423366,-0.1630328723533753,-0.1918050804174871,-0.1342606642892636
S58,10.0,0.1,0.5,5,2.0967879391138653,2.080460273961846,2.1131156042658845,1.3322026279545796e-05,1.0640293843183777e-05,1.6003758715907815e-05,0.0,0.0,0.0,19.403985549494703,17.752109934309335,21.05586116468008,0.2,-9.631909207986885,10.031909207986882,-0.3836803254849383,-0.4044301259157035,-0.3629305250541731
S59,10.0,0.1,1.0,5,2.356429654033417,2.318896403119715,2.39396290494712,1.2227273572107964e-05,9.769992932855424e-06,1.4684554211360503e-05,0.0,0.0,0.0,38.18050239360871,36.40753633846012,39.953468448757306,-0.6,-7.546663433823958,6.346663433823959,-0.8134539769265196,-0.8276165707742179,-0.7992913830788212
S6,1.0,0.1,0.1,5,1.5349429997216428,1.5191135787199426,1.550772420723343,6.769288398123964e-06,6.103599442788357e-06,7.43497735345957e-06,0.0,0.0,0.0,38.13058897152597,32.189149557142194,44.07202838590975,4.2,-0.7976011893560369,9.197601189356035,0.0153619342645623,0.0084841706565797,0.0222396978725449
S60,10.0,0.1,2.0,5,2.750868768042741,2.7213504971721885,2.7803870389132945,1.3274340487834166e-05,1.0726103555064369e-05,1.5822577420603965e-05,0.0,0.0,0.0,64.68445198837885,62.82160730500634,66.54729667175137,-0.8,-8.818111966102409,7.218111966102408,-1.4273218467391338,-1.450249353915809,-1.4043943395624583
S61,10.0,0.2,0.1,5,1.0066971481881446,0.9798770088890112,1.0335172874872782,4.386042942576275e-06,3.7987148639201344e-06,4.973371021232415e-06,0.8,-1.4211560841582391,3.021156084158239,3.675764516256632,2.8440452978447395,4.507483734668525,1.2,-5.735557649849312,8.135557649849313,-0.0769521167507909,-0.0973008613757541,-0.0566033721258276
S62,10.0,0.2,0.25,5,1.0549236841529956,1.0447165653097756,1.0651308029962157,3.98936458793274e-06,3.507311395403631e-06,4.471417780461849e-06,0.0,0.0,0.0,9.263034752375018,8.43207335941265,10.093996145337387,-0.8,-6.8447488600535005,5.244748860053501,-0.1941754205652899,-0.2061659452801138,-0.1821848958504661
S63,10.0,0.2,0.5,5,1.1701266332405915,1.1498692465791844,1.1903840199019986,3.575387158971349e-06,3.0804355084170848e-06,4.070338809525613e-06,4.0,-7.105780420791195,15.105780420791197,18.27024985973689,17.201926544862594,19.338573174611177,-3.0,-7.476883212421306,1.4768832124213065,-0.3984059578093575,-0.4133064482406484,-0.3835054673780666
S64,10.0,0.2,1.0,5,1.3675328862252123,1.354047202488572,1.381018569961853,3.8043677440949793e-06,3.397048043337005e-06,4.211687444852953e-06,0.0,0.0,0.0,31.542583208451283,31.25945416353988,31.82571225336269,-0.2,-4.261589034289213,3.8615890342892127,-0.7027273201601846,-0.7116169186190231,-0.693837721701346
S65,10.0,0.2,2.0,5,1.5776226752085392,1.5591649624135695,1.5960803880035086,5.024541391007727e-06,4.390074876032335e-06,5.659007905983118e-06,0.0,0.0,0.0,37.95953582498967,36.50989049407133,39.409181155908016,2.8,-8.074311539412154,13.674311539412155,-0.93631408408994,-0.966568340058863,-0.9060598281210168
S66,10.0,0.3,0.1,5,0.6863657923998862,0.6733372593764155,0.6993943254233568,2.034974408609337e-06,1.854740645842468e-06,2.2152081713762064e-06,2.2,-3.9081792314351578,8.308179231435158,3.546914325411352,3.085786552184488,4.008042098638216,0.6,-6.346663433823959,7.546663433823958,-0.0783578494693581,-0.0892183870995013,-0.0674973118392149
S67,10.0,0.3,0.25,5,0.7404959630101743,0.726548339894843,0.7544435861255055,1.7732410182997357e-06,1.5708402765162863e-06,1.9756417600831846e-06,0.0,0.0,0.0,8.996962496702668,8.4656288363823,9.528296157023036,0.8,-2.1644321650666205,3.76443216506662,-0.1980426367537023,-0.2039321373898669,-0.1921531361175377
S68,10.0,0.3,0.5,5,0.8466644850270383,0.835971454469186,0.8573575155848906,1.7063480675038288e-06,1.5440958000077853e-06,1.8686003349998724e-06,0.0,0.0,0.0,16.462302719395744,15.952646006712902,16.971959432078588,-2.0,-5.724991994611299,1.7249919946112997,-0.3745045339483388,-0.3783427578215561,-0.3706663100751215
S69,10.0,0.3,1.0,5,0.9943850749097476,0.9834208768982716,1.0053492729212234,2.0586717241007446e-06,1.8865490655306611e-06,2.230794382670828e-06,0.0,0.0,0.0,23.84045374058878,22.933423592313023,24.74748388886454,0.0,-9.081989177338404,9.081989177338404,-0.5651173207935118,-0.5786196094371134,-0.5516150321499103
S7,1.0,0.1,0.25,5,1.569698647733516,1.5542617786162851,1.5851355168507466,5.680092903297357e-06,5.0302658571388965e-06,6.329919949455818e-06,0.0,0.0,0.0,93.17053268019096,86.1117689381979,100.22929642218404,3.0,-2.1942531684178483,8.194253168417848,-0.1369485280903438,-0.1448309094037876,-0.1290661467769
S70,10.0,0.3,2.0,5,1.1070948926034363,1.093436897450891,1.1207528877559816,2.6958451358806564e-06,2.484288493190055e-06,2.907401778571258e-06,0.0,0.0,0.0,20.72731532771773,19.04900581118476,22.40562484425069,4.8,-9.503408774993904,19.103408774993905,-0.6601782469374883,-0.6803483727883074,-0.6400081210866692
S71,10.0,0.5,0.1,5,0.4291981321825043,0.4244599027317571,0.4339363616332515,7.618231159037713e-07,7.077421067084842e-07,8.159041250990584e-07,0.4,-0.7105780420791198,1.51057804207912,3.3579767653467663,3.144153734439744,3.5717997962537886,1.4,-1.716551901050709,4.516551901050709,-0.0817198012458007,-0.0850999965719415,-0.0783396059196598
S72,10.0,0.5,0.25,5,0.4860526903771633,0.4786759640104404,0.4934294167438863,6.745425154562229e-07,6.151702418400807e-07,7.33914789072365e-07,0.0,0.0,0.0,8.089908003337744,7.685693687868123,8.494122318807365,-0.6,-4.4870231472769175,3.287023147276918,-0.18616836623762,-0.1897048459567382,-0.1826318865185018
S73,10.0,0.5,0.5,5,0.5687875925919211,0.5605765116241693,0.5769986735596729,7.242892344422756e-07,6.795902060618148e-07,7.689882628227364e-07,0.0,0.0,0.0,12.557265124215707,12.06840155773915,13.046128690692264,0.6,-2.977199284470116,4.177199284470116,-0.2987138509769694,-0.3030315683516353,-0.2943961336023036
S74,10.0,0.5,1.0,5,0.6458868748785564,0.6379684845942075,0.6538052651629054,9.313133496830008e-07,8.781323121161155e-07,9.844943872498865e-07,0.0,0.0,0.0,12.88340219517568,12.470007274540508,13.296797115810854,1.4,-8.936433295454028,11.73643329545403,-0.3779425847686672,-0.3859236184586495,-0.3699615510786849
S75,10.0,0.5,2.0,5,0.6907075395750955,0.6773109418006535,0.7041041373495374,1.121165063856669e-06,1.0503266751430035e-06,1.1920034525703344e-06,0.0,0.0,0.0,5.163295582907159,3.4477135572369555,6.878877608577362,4.8,-13.977474087064198,23.5774740870642,-0.3931672799819416,-0.4126753390904116,-0.3736592208734716
S76,20.0,0.05,0.1,5,3.8262049430249223,3.6572419367008666,3.995167949348979,3.9265326102339886e-05,2.4654978068579735e-05,5.387567413610003e-05,0.0,0.0,0.0,2.368994805302496,0.2925469215191629,4.445442689085828,4.4,-13.924537694305467,22.724537694305468,0.0385950110677644,-0.0708427592354777,0.1480327813710067
S77,20.0,0.05,0.25,5,3.863562638816089,3.778520991194257,3.948604286437921,3.8172994809741074e-05,2.3512237141604125e-05,5.283375247787802e-05,0.0,0.0,0.0,5.626945768059338,3.881293058752327,7.372598477366349,2.4,-19.401724703596788,24.201724703596785,-0.0793520000794338,-0.1215725136272788,-0.0371314865315888
S78,20.0,0.05,0.5,5,3.995462570260993,3.915217971102348,4.075707169419638,3.8097266118773175e-05,2.457363944146024e-05,5.162089279608611e-05,0.0,0.0,0.0,10.132042635749473,8.064658543656995,12.199426727841953,5.2,-17.969596597273625,28.369596597273624,-0.3162567155838326,-0.3478003283094899,-0.2847131028581753
S79,20.0,0.05,1.0,5,4.20157605744046,4.174522229600251,4.228629885280668,3.396146223319323e-05,2.1323670114201192e-05,4.659925435218528e-05,0.0,0.0,0.0,19.94894510884497,18.378037736722145,21.519852480967806,1.2,-13.554396063623656,15.954396063623657,-0.7620913393396992,-0.7851812124785886,-0.7390014662008098
S8,1.0,0.1,0.5,5,1.6852513791240902,1.6651989087786343,1.7053038494695458,4.696281991788524e-06,4.353781619238688e-06,5.03878236433836e-06,0.0,0.0,0.0,180.66272662734127,172.82938152621776,188.4960717284648,0.0,-6.800873806582569,6.800873806582569,-0.3799348341206698,-0.3905176021032485,-0.3693520661380911
S80,20.0,0.05,2.0,5,4.727194009250542,4.657984054631435,4.796403963869648,3.225217891556127e-05,1.9015276208355585e-05,4.548908162276696e-05,0.0,0.0,0.0,37.82796794974731,36.37754873205568,39.27838716743894,-0.6,-5.212577032983623,4.012577032983624,-1.6318003195823991,-1.662290282224338,-1.6013103569404603
S81,20.0,0.1,0.1,5,1.959017333104428,1.897919355816874,2.020115310391981,1.3569885358897402e-05,1.1169943084083116e-05,1.596982763371169e-05,0.8,-1.4211560841582391,3.021156084158239,2.1053695379631434,1.1260908010782722,3.084648274848014,2.4,-8.86429476572015,13.66429476572015,-0.0417970105085734,-0.0969981448790139,0.013404123861867
S82,20.0,0.1,0.25,5,2.00588101687761,1.9545725217117396,2.0571895120434807,1.3024548138113725e-05,1.0555562160175049e-05,1.5493534116052397e-05,0.8,-1.4211560841582391,3.021156084158239,4.93317218983135,4.201140315928962,5.6652040637337375,1.0,-11.933586086667413,13.933586086667413,-0.1669851050922441,-0.1937385207929179,-0.1402316893915703
S83,20.0,0.1,0.5,5,2.102828038360516,2.0831986284724997,2.1224574482485323,1.186495004613782e-05,9.361560995023734e-06,1.4368339097251904e-05,0.0,0.0,0.0,9.663092905131291,8.7797239021878,10.546461908074786,0.4,-11.910646137388408,12.710646137388409,-0.3808237439091452,-0.394486475122956,-0.3671610126953343
S84,20.0,0.1,1.0,5,2.352293801587811,2.315203633098887,2.3893839700767354,1.0974939942838712e-05,8.37663756529699e-06,1.3573242320380431e-05,0.0,0.0,0.0,18.72069938345726,18.11923775851474,19.322161008399775,-3.8,-6.021156084158239,-1.578843915841761,-0.8025746735428857,-0.8173991533208341,-0.7877501937649373
S85,20.0,0.1,2.0,5,2.759035088973936,2.719900170752416,2.798170007195456,1.2244774801028473e-05,8.88490302150356e-06,1.5604646580553382e-05,0.0,0.0,0.0,32.31156733894888,31.148920109533925,33.47421456836383,1.4,-8.121223329215598,10.921223329215598,-1.4257689576645531,-1.4379842849991995,-1.4135536303299068
S86,20.0,0.2,0.1,5,1.0073450841983116,0.9875895951095934,1.0271005732870295,4.166056851655652e-06,3.797214015652441e-06,4.534899687658863e-06,0.0,0.0,0.0,1.8681683934290043,1.4703394400421543,2.2659973468158543,1.6,-10.521337379459828,13.721337379459827,-0.0748433343413516,-0.0907417888759896,-0.0589448798067136
S87,20.0,0.2,0.25,5,1.0544696256165134,1.0438402438647658,1.065099007368261,3.734341957742444e-06,3.337329286380902e-06,4.131354629103986e-06,0.0,0.0,0.0,4.634005310677143,4.269188190617558,4.998822430736728,1.4,-2.680524283949542,5.480524283949542,-0.1912610548132022,-0.1956594506981692,-0.1868626589282352
S88,20.0,0.2,0.5,5,1.1727875419747178,1.156649140376438,1.1889259435729975,3.450290010318663e-06,3.0092999179148995e-06,3.891280102722426e-06,0.0,0.0,0.0,9.065247414503846,8.682278440149116,9.448216388858576,-1.4,-8.178166318125708,5.378166318125709,-0.3993681482605933,-0.4079260294972429,-0.3908102670239438
S89,20.0,0.2,1.0,5,1.3744614761987886,1.3577234750179938,1.3911994773795833,3.7130070241088377e-06,3.1417732530176395e-06,4.284240795200036e-06,0.0,0.0,0.0,15.737035910913622,15.410080106031655,16.063991715795588,-1.2,-8.40807072838993,6.00807072838993,-0.7023578801462071,-0.7120107550504879,-0.6927050052419264
S9,1.0,0.1,1.0,5,1.991807631967372,1.9615276640971249,2.022087599837619,4.827085698257943e-06,4.339831935612314e-06,5.314339460903572e-06,0.0,0.0,0.0,336.0899754088144,324.5056822843239,347.6742685333049,-0.2,-2.240262141974771,1.840262141974771,-0.8122257878690912,-0.8195263110622273,-0.804925264675955
S90,20.0,0.2,2.0,5,1.5794301915152116,1.5615620784598747,1.5972983045705484,4.790360224876604e-06,4.046374459185113e-06,5.534345990568096e-06,0.0,0.0,0.0,18.984091099479077,18.27174515274268,19.696437046215465,-1.2,-8.461346181507214,6.061346181507214,-0.9408413063747648,-0.9549507532769562,-0.9267318594725734
S91,20.0,0.3,0.1,5,0.6883724747326567,0.6784058196662734,0.69833912979904,1.9892910412096844e-06,1.875043947128122e-06,2.103538135291247e-06,0.0,0.0,0.0,1.7440637314660008,1.5328822343831836,1.955245228548818,1.0,-1.9119601927901584,3.911960192790159,-0.0819508362951982,-0.0876506929411661,-0.0762509796492302
S92,20.0,0.3,0.25,5,0.7410853277826088,0.7284600668612033,0.7537105887040143,1.7453344653679835e-06,1.5690036521776434e-06,1.921665278558324e-06,9.2,-16.343294967819748,34.74329496781975,4.463738038556992,4.233069397301148,4.694406679812835,0.4,-2.174769267929082,2.974769267929082,-0.1957873937727579,-0.2013072363582358,-0.19026755118728
S93,20.0,0.3,0.5,5,0.8514652648321333,0.8379989187745088,0.8649316108897577,1.7178643452123114e-06,1.5040340798422866e-06,1.931694610582336e-06,0.0,0.0,0.0,8.317601202820967,8.008805761107235,8.6263966445347,-0.8,-4.861589034289213,3.261589034289213,-0.3744156565185171,-0.3786923032652593,-0.3701390097717749
S94,20.0,0.3,1.0,5,0.9955611542779852,0.9822239695020216,1.008898339053949,2.021727841254668e-06,1.7923546528095638e-06,2.251101029699772e-06,0.0,0.0,0.0,11.974158243038184,11.65233010524476,12.295986380831607,3.4,-2.054849131699475,8.854849131699474,-0.5644085152289676,-0.5774633736512911,-0.5513536568066442
S95,20.0,0.3,2.0,5,1.1101804182488837,1.0976609814617313,1.122699855036036,2.6431928672034616e-06,2.337473106034389e-06,2.948912628372534e-06,0.0,0.0,0.0,10.503207555134324,9.82516427036845,11.181250839900198,4.4,-3.7231780685784255,12.523178068578426,-0.6571693126402725,-0.6741053256655913,-0.6402332996149536
S96,20.0,0.5,0.1,5,0.4313534133543069,0.4232211214727205,0.4394857052358932,7.69325130117982e-07,7.17971325185688e-07,8.20678935050276e-07,13.8,-11.101477840479731,38.70147784047973,1.718724754548786,1.5314542497639512,1.905995259333621,1.0,-5.511340938852188,7.511340938852188,-0.08508032299587,-0.0892991175743048,-0.0808615284174353
S97,20.0,0.5,0.25,5,0.4871822081584344,0.4815820723063604,0.4927823440105083,6.773808272903131e-07,6.205710063993274e-07,7.341906481812988e-07,0.0,0.0,0.0,4.024832420161822,3.834771191503033,4.214893648820611,0.6,-3.0833706659839697,4.28337066598397,-0.1871456111545462,-0.1894853093935949,-0.1848059129154975
S98,20.0,0.5,0.5,5,0.5673465047170618,0.5598630508647012,0.5748299585694224,7.322226865234735e-07,6.657235345633306e-07,7.987218384836165e-07,0.0,0.0,0.0,6.221947723610277,5.927085435248921,6.516810011971632,-0.8,-4.131734126237358,2.5317341262373585,-0.2987108929521135,-0.3012470843874608,-0.2961747015167662
S99,20.0,0.5,1.0,5,0.6473899978382125,0.6382597212731,0.6565202744033249,9.310271652821526e-07,8.610647316959701e-07,1.0009895988683352e-06,0.0,0.0,0.0,6.580357319307521,6.295943728467101,6.864770910147941,0.4,-9.936433295454028,10.73643329545403,-0.3823042727262081,-0.3938261644556694,-0.3707823809967469
